CREATE TABLE CENTRO (CCEN VARCHAR(6) PRIMARY KEY, NMCEN VARCHAR(100) NOT NULL);
CREATE TABLE GRUPO_INV (CGI VARCHAR(10) PRIMARY KEY, NOMBRE VARCHAR(100) NOT NULL, RESPONSABLE INTEGER NOT NULL, GRUPO_PRINC VARCHAR(10));
CREATE TABLE PROFESOR (CTG VARCHAR(7) NOT NULL, NOM VARCHAR(150) NOT NULL, CCEN VARCHAR(6) REFERENCES CENTRO (CCEN), NIP INTEGER PRIMARY KEY, DOCTOR VARCHAR(1) NOT NULL, HDED FLOAT NOT NULL, AREA VARCHAR(4) NOT NULL, GRUPO_INV VARCHAR(10));
/* ALTER TABLE GRUPO_INV ADD FOREIGN KEY (RESPONSABLE) REFERENCES PROFESOR (NIP); */
CREATE TABLE TITULACION (CTIT VARCHAR(6) PRIMARY KEY, NOMTIT VARCHAR(150) NOT NULL);
CREATE TABLE UDOCENTE (UDO VARCHAR(3) PRIMARY KEY, NUDOC VARCHAR(40) NOT NULL, RESP INTEGER NOT NULL REFERENCES PROFESOR (NIP));
CREATE TABLE ASIGNATURA (CCEN VARCHAR(6) NOT NULL REFERENCES CENTRO (CCEN), CTIT VARCHAR(6) NOT NULL REFERENCES TITULACION (CTIT), CU VARCHAR(2), NMASG VARCHAR(120) NOT NULL, UDO VARCHAR(3) NOT NULL REFERENCES UDOCENTE (UDO), CARACTER VARCHAR(2), GT INTEGER, GP INTEGER, CT FLOAT, CP FLOAT, NALM INTEGER, AREA VARCHAR(4), RESP INTEGER REFERENCES PROFESOR (NIP), COD_ASG INTEGER PRIMARY KEY);
CREATE TABLE DOCENCIA (GTP FLOAT NOT NULL, GPP FLOAT, NIP INTEGER REFERENCES PROFESOR (NIP), COD_ASG INTEGER REFERENCES ASIGNATURA (COD_ASG), PRIMARY KEY(NIP, COD_ASG));

Insert into CENTRO (CCEN,NMCEN) values ('R','E.T.S. de Ingeniería Informática');
Insert into CENTRO (CCEN,NMCEN) values ('Q','E. Politécnica Superior de Gandía');
Insert into CENTRO (CCEN,NMCEN) values ('D','E.T.S.I. Industriales');
Insert into CENTRO (CCEN,NMCEN) values ('M','Facultad de Administración y Dirección de Empresas');
Insert into CENTRO (CCEN,NMCEN) values ('J','E. Politécnica Superior de Alcoy');
Insert into CENTRO (CCEN,NMCEN) values ('C','E.T.S.I. Caminos, Canales y Puertos');
Insert into CENTRO (CCEN,NMCEN) values ('X','Unidad de Másteres Universitarios');
Insert into CENTRO (CCEN,NMCEN) values ('T','E.T.S.I. de Telecomunicación');
Insert into CENTRO (CCEN,NMCEN) values ('E','E.T.S. de Ingeniería del Diseño');
Insert into CENTRO (CCEN,NMCEN) values ('G','E.T.S.I. Geodésica, Cartográfica y Topografía');
Insert into CENTRO (CCEN,NMCEN) values ('L','Facultad de Bellas Artes');

Insert into GRUPO_INV (CGI,NOMBRE,RESPONSABLE,GRUPO_PRINC) values ('NaDie','Grupo sin éxito','1901',null);
Insert into GRUPO_INV (CGI,NOMBRE,RESPONSABLE,GRUPO_PRINC) values ('GCP','Grupo de Computación Paralela','700',null);
Insert into GRUPO_INV (CGI,NOMBRE,RESPONSABLE,GRUPO_PRINC) values ('PLIS','Programación Lógica e Ingeniería del Software','23241',null);
Insert into GRUPO_INV (CGI,NOMBRE,RESPONSABLE,GRUPO_PRINC) values ('RFIA','Reconocimiento de Formas e Inteligencia Artificial','1627',null);
Insert into GRUPO_INV (CGI,NOMBRE,RESPONSABLE,GRUPO_PRINC) values ('SiDi','Sistemas Distribuidos','102',null);
Insert into GRUPO_INV (CGI,NOMBRE,RESPONSABLE,GRUPO_PRINC) values ('GTI','Tecnología Informática','392',null);
Insert into GRUPO_INV (CGI,NOMBRE,RESPONSABLE,GRUPO_PRINC) values ('TLCC','Teoría de Lenguajes, Computabilidad y Criptografía','596',null);
Insert into GRUPO_INV (CGI,NOMBRE,RESPONSABLE,GRUPO_PRINC) values ('PRHLT','Grupo de Reconocimiento de Formas y Tecnología del Lenguaje','425',null);
Insert into GRUPO_INV (CGI,NOMBRE,RESPONSABLE,GRUPO_PRINC) values ('DB','Bases de Datos, Razonamiento Automático y Lenguaje Natural','877','PLIS');
Insert into GRUPO_INV (CGI,NOMBRE,RESPONSABLE,GRUPO_PRINC) values ('ELP','Extensiones de la Programación Lógica','871','PLIS');
Insert into GRUPO_INV (CGI,NOMBRE,RESPONSABLE,GRUPO_PRINC) values ('OOM','Grupo de Métodos de Producción de Software','2543','PLIS');
Insert into GRUPO_INV (CGI,NOMBRE,RESPONSABLE,GRUPO_PRINC) values ('OOCMDB','Modelado Conceptual Orientado a Objetos y Bases de Datos','178826','PLIS');
Insert into GRUPO_INV (CGI,NOMBRE,RESPONSABLE,GRUPO_PRINC) values ('SIG','Informática Gráfica','380','GTI');
Insert into GRUPO_INV (CGI,NOMBRE,RESPONSABLE,GRUPO_PRINC) values ('GTI-IA','Inteligencia Artificial','10115','GTI');
Insert into GRUPO_INV (CGI,NOMBRE,RESPONSABLE,GRUPO_PRINC) values ('GPS','Grupo de Planificación y Scheduling','489','GTI');

Insert into PROFESOR (CTG,NOM,CCEN,NIP,DOCTOR,HDED,AREA,GRUPO_INV) values ('COD-TC','Hinarejos Gandía, Amadeo','G','22263','S','24','0505','DB');
Insert into PROFESOR (CTG,NOM,CCEN,NIP,DOCTOR,HDED,AREA,GRUPO_INV) values ('AYD-TC','Ponz Rica, Marta','L','27936','S','22','0260','GCP');
Insert into PROFESOR (CTG,NOM,CCEN,NIP,DOCTOR,HDED,AREA,GRUPO_INV) values ('TU','Ivars Bens, Diego','G','38382','S','24','0505','GPS');
Insert into PROFESOR (CTG,NOM,CCEN,NIP,DOCTOR,HDED,AREA,GRUPO_INV) values ('TEU','Rocha Agut, Wael','L','71520','S','32','0260','OOCMDB');
Insert into PROFESOR (CTG,NOM,CCEN,NIP,DOCTOR,HDED,AREA,GRUPO_INV) values ('AYD-TC','Climent Benavent, María','M','174115','S','22','0040','DB');
Insert into PROFESOR (CTG,NOM,CCEN,NIP,DOCTOR,HDED,AREA,GRUPO_INV) values ('TU','Montés Robles, Tadeusz','T','19218','S','24','0785','PLIS');
Insert into PROFESOR (CTG,NOM,CCEN,NIP,DOCTOR,HDED,AREA,GRUPO_INV) values ('ASOL-P3','Donat Cano, Pino','L','5089','S','8.25','0105','GCP');
Insert into PROFESOR (CTG,NOM,CCEN,NIP,DOCTOR,HDED,AREA,GRUPO_INV) values ('TU','Montesinos Carrión, David','M','45395','S','18','0385','PRHLT');
Insert into PROFESOR (CTG,NOM,CCEN,NIP,DOCTOR,HDED,AREA,GRUPO_INV) values ('AYD-TC','Sanhermelando Jordá, Ana','L','28762','S','22','0185','DB');
Insert into PROFESOR (CTG,NOM,CCEN,NIP,DOCTOR,HDED,AREA,GRUPO_INV) values ('CU','Beristain Solano, Rafael','D','877','S','16','0035','DB');
Insert into PROFESOR (CTG,NOM,CCEN,NIP,DOCTOR,HDED,AREA,GRUPO_INV) values ('ASOL-P6','Verdet Gómez, Jorge','L','294755','S','16.5','0690','GTI');
Insert into PROFESOR (CTG,NOM,CCEN,NIP,DOCTOR,HDED,AREA,GRUPO_INV) values ('ASOL-P6','Pardo Isla, Alexandro','L','310025','S','16.5','0260','RFIA');
Insert into PROFESOR (CTG,NOM,CCEN,NIP,DOCTOR,HDED,AREA,GRUPO_INV) values ('ASOL-P6','Parcet Morell, Pino','L','301194','N','16.5','0260','SIG');
Insert into PROFESOR (CTG,NOM,CCEN,NIP,DOCTOR,HDED,AREA,GRUPO_INV) values ('ASOL-P6','Garín Fortea, Bruno','L','361226','N','16.5','0185','GPS');
Insert into PROFESOR (CTG,NOM,CCEN,NIP,DOCTOR,HDED,AREA,GRUPO_INV) values ('TU','Rocha Piles, Julio','J','1901','S','32','0800','DB');
Insert into PROFESOR (CTG,NOM,CCEN,NIP,DOCTOR,HDED,AREA,GRUPO_INV) values ('CU','Escobedo Alejo, Moisés','R','596','S','16','0570','TLCC');
Insert into PROFESOR (CTG,NOM,CCEN,NIP,DOCTOR,HDED,AREA,GRUPO_INV) values ('TU','Sendra Sáez, Víctor','R','2775','S','16','0570','GTI-IA');
Insert into PROFESOR (CTG,NOM,CCEN,NIP,DOCTOR,HDED,AREA,GRUPO_INV) values ('TU','Vázquez Angulo, Alba','R','10115','S','24','0570','GTI-IA');
Insert into PROFESOR (CTG,NOM,CCEN,NIP,DOCTOR,HDED,AREA,GRUPO_INV) values ('TU','Mejía Prieto, Sergio','R','1090','S','30','0570','SiDi');
Insert into PROFESOR (CTG,NOM,CCEN,NIP,DOCTOR,HDED,AREA,GRUPO_INV) values ('TU','Luis Almiñana, Isaac','R','1992','S','32','0570','GCP');
Insert into PROFESOR (CTG,NOM,CCEN,NIP,DOCTOR,HDED,AREA,GRUPO_INV) values ('CU','Tauste Viana, Raúl','R','3051','S','16','0570','DB');
Insert into PROFESOR (CTG,NOM,CCEN,NIP,DOCTOR,HDED,AREA,GRUPO_INV) values ('TU','Pedrosa Ivars, Erika','Q','1133','S','32','0570','OOCMDB');
Insert into PROFESOR (CTG,NOM,CCEN,NIP,DOCTOR,HDED,AREA,GRUPO_INV) values ('COD-TC','Cárdeno Gaspar, Carmen','R','44750','S','24','0570','SIG');
Insert into PROFESOR (CTG,NOM,CCEN,NIP,DOCTOR,HDED,AREA,GRUPO_INV) values ('TEU','Arcas Lanzat, Enric','R','1712','N','24','0570','ELP');
Insert into PROFESOR (CTG,NOM,CCEN,NIP,DOCTOR,HDED,AREA,GRUPO_INV) values ('TU','Prefasi Sarrión, Rafael','R','1733','S','16','0570','GTI');
Insert into PROFESOR (CTG,NOM,CCEN,NIP,DOCTOR,HDED,AREA,GRUPO_INV) values ('TU','Carmona Navalón, David','R','2784','S','24','0570','TLCC');
Insert into PROFESOR (CTG,NOM,CCEN,NIP,DOCTOR,HDED,AREA,GRUPO_INV) values ('COD-TC','Álvarez Pozo, Sául','R','11661','S','30','0570','DB');
Insert into PROFESOR (CTG,NOM,CCEN,NIP,DOCTOR,HDED,AREA,GRUPO_INV) values ('TU','Crispín Ferrer, Guillem','D','15819','S','24','0570','GPS');
Insert into PROFESOR (CTG,NOM,CCEN,NIP,DOCTOR,HDED,AREA,GRUPO_INV) values ('TU','Rodríguez Domínguez, Àlvaro','R','9140','S','24','0075','TLCC');
Insert into PROFESOR (CTG,NOM,CCEN,NIP,DOCTOR,HDED,AREA,GRUPO_INV) values ('ASOL-P6','Cloquell Rivas, Maika','Q','63619','S','16.5','0570','GTI');
Insert into PROFESOR (CTG,NOM,CCEN,NIP,DOCTOR,HDED,AREA,GRUPO_INV) values ('ASOL-P4','Ruiz Verdet, Enrique','Q','241506','S','11','0570','SIG');
Insert into PROFESOR (CTG,NOM,CCEN,NIP,DOCTOR,HDED,AREA,GRUPO_INV) values ('CU','Escat Martínez, Gustavo','R','2782','S','20','0570','GTI-IA');
Insert into PROFESOR (CTG,NOM,CCEN,NIP,DOCTOR,HDED,AREA,GRUPO_INV) values ('CU','Burguera Beltrán, Ismael','R','2343','S','22','0570','ELP');
Insert into PROFESOR (CTG,NOM,CCEN,NIP,DOCTOR,HDED,AREA,GRUPO_INV) values ('TU','Cal Brú, Isaac','R','11037','S','16','0570','GPS');
Insert into PROFESOR (CTG,NOM,CCEN,NIP,DOCTOR,HDED,AREA,GRUPO_INV) values ('TU','Wun Sancho, Máximo','R','16695','S','32','0570','PRHLT');
Insert into PROFESOR (CTG,NOM,CCEN,NIP,DOCTOR,HDED,AREA,GRUPO_INV) values ('TU','Ochando Correa, Alfonso','R','1258','S','16','0570','GPS');
Insert into PROFESOR (CTG,NOM,CCEN,NIP,DOCTOR,HDED,AREA,GRUPO_INV) values ('CU','Izquierdo Alarcón, Ángel','R','700','S','16','0570','GCP');
Insert into PROFESOR (CTG,NOM,CCEN,NIP,DOCTOR,HDED,AREA,GRUPO_INV) values ('CU','Wun Canto, Francesc','R','2424','S','16','0075','GCP');
Insert into PROFESOR (CTG,NOM,CCEN,NIP,DOCTOR,HDED,AREA,GRUPO_INV) values ('TU','Lozano Coma, Silvia','R','1092','S','32','0570','ELP');
Insert into PROFESOR (CTG,NOM,CCEN,NIP,DOCTOR,HDED,AREA,GRUPO_INV) values ('TU','Calvo Margaix, Mario','R','1873','S','30','0570',null);
Insert into PROFESOR (CTG,NOM,CCEN,NIP,DOCTOR,HDED,AREA,GRUPO_INV) values ('TEU','Cerdán Guillen, Jaime','R','1357','S','30','0570','OOCMDB');
Insert into PROFESOR (CTG,NOM,CCEN,NIP,DOCTOR,HDED,AREA,GRUPO_INV) values ('ASOL-P6','Alegre Rocha, Moises','J','17336','N','16.5','0570','GTI-IA');
Insert into PROFESOR (CTG,NOM,CCEN,NIP,DOCTOR,HDED,AREA,GRUPO_INV) values ('TU','Bonet Peñafiel, Ramón','J','2817','S','24','0570','GCP');
Insert into PROFESOR (CTG,NOM,CCEN,NIP,DOCTOR,HDED,AREA,GRUPO_INV) values ('ASOL-P6','Hernica Alejo, Wael',null,'315689','N','16.5','0570','GPS');
Insert into PROFESOR (CTG,NOM,CCEN,NIP,DOCTOR,HDED,AREA,GRUPO_INV) values ('COL-TC','Vila Donat, Mihai','J','48389','N','32','0570','PLIS');
Insert into PROFESOR (CTG,NOM,CCEN,NIP,DOCTOR,HDED,AREA,GRUPO_INV) values ('TU','Agut Fortea, Óscar','R','425226','S','16','0570',null);
Insert into PROFESOR (CTG,NOM,CCEN,NIP,DOCTOR,HDED,AREA,GRUPO_INV) values ('CU','Herrero Solanes, Jaime','R','425','S','14','0570','PRHLT');
Insert into PROFESOR (CTG,NOM,CCEN,NIP,DOCTOR,HDED,AREA,GRUPO_INV) values ('CU','Fuambuena Carbonell, Héctor','R','2543','S','16','0570','OOM');
Insert into PROFESOR (CTG,NOM,CCEN,NIP,DOCTOR,HDED,AREA,GRUPO_INV) values ('TU','Doménech Vitoria, Alfons','R','1539','S','22','0570','GCP');
Insert into PROFESOR (CTG,NOM,CCEN,NIP,DOCTOR,HDED,AREA,GRUPO_INV) values ('TEU','Limorti Díez, Blas','R','10613','S','32','0570','GTI');
Insert into PROFESOR (CTG,NOM,CCEN,NIP,DOCTOR,HDED,AREA,GRUPO_INV) values ('CU','Quintero Benito, Yaiza','R','380','S','16','0570','SIG');
Insert into PROFESOR (CTG,NOM,CCEN,NIP,DOCTOR,HDED,AREA,GRUPO_INV) values ('TU','Galdón Jarl, Xavier','R','1136','S','32','0570','TLCC');
Insert into PROFESOR (CTG,NOM,CCEN,NIP,DOCTOR,HDED,AREA,GRUPO_INV) values ('TU','Herrero Sáez, Viviana','Q','178826','S','24','0570','OOCMDB');
Insert into PROFESOR (CTG,NOM,CCEN,NIP,DOCTOR,HDED,AREA,GRUPO_INV) values ('TU','Gorrís Arastey, Celia','R','2104','S','32','0570','OOCMDB');
Insert into PROFESOR (CTG,NOM,CCEN,NIP,DOCTOR,HDED,AREA,GRUPO_INV) values ('TU','Ejarque Valiente, Enrique','R','21560','S','30','0570','SIG');
Insert into PROFESOR (CTG,NOM,CCEN,NIP,DOCTOR,HDED,AREA,GRUPO_INV) values ('TU','Alcañiz Campos, Àlvar','R','48664','S','20','0570','SIG');
Insert into PROFESOR (CTG,NOM,CCEN,NIP,DOCTOR,HDED,AREA,GRUPO_INV) values ('TEU','Cerezuela Boronat, Julio','R','243','N','32','0570','PLIS');
Insert into PROFESOR (CTG,NOM,CCEN,NIP,DOCTOR,HDED,AREA,GRUPO_INV) values ('ASOL-P6','Miret Hernández, Jorge','J','256043','S','16.5','0570','GTI-IA');
Insert into PROFESOR (CTG,NOM,CCEN,NIP,DOCTOR,HDED,AREA,GRUPO_INV) values ('TU','Brisa Carmona, Camilla','R','1234','S','32','0570','TLCC');
Insert into PROFESOR (CTG,NOM,CCEN,NIP,DOCTOR,HDED,AREA,GRUPO_INV) values ('TU','Caballero Mondejar, Alejandro','R','2806','S','32','0570',null);
Insert into PROFESOR (CTG,NOM,CCEN,NIP,DOCTOR,HDED,AREA,GRUPO_INV) values ('TU','Matos Cruz, Ismael','R','925','S','16','0075','RFIA');
Insert into PROFESOR (CTG,NOM,CCEN,NIP,DOCTOR,HDED,AREA,GRUPO_INV) values ('CU','Barros Navalón, Antonio','R','2763','S','22','0570','GTI');
Insert into PROFESOR (CTG,NOM,CCEN,NIP,DOCTOR,HDED,AREA,GRUPO_INV) values ('TU','Pérez Alejo, Gracia','R','10650','S','24','0570','OOCMDB');
Insert into PROFESOR (CTG,NOM,CCEN,NIP,DOCTOR,HDED,AREA,GRUPO_INV) values ('TU','Lledó Novella, Ivar','R','3167','S','32','0570','PLIS');
Insert into PROFESOR (CTG,NOM,CCEN,NIP,DOCTOR,HDED,AREA,GRUPO_INV) values ('CU','Leiva Luna, Nicolás','R','23002','S','16','0570','GTI-IA');
Insert into PROFESOR (CTG,NOM,CCEN,NIP,DOCTOR,HDED,AREA,GRUPO_INV) values ('COL-TC','Lorente Racho, Ivar','R','46607','N','32','0570','SiDi');
Insert into PROFESOR (CTG,NOM,CCEN,NIP,DOCTOR,HDED,AREA,GRUPO_INV) values ('TU','Ayora Forteza, Modesto','G','23334','S','22','0570','GTI');
Insert into PROFESOR (CTG,NOM,CCEN,NIP,DOCTOR,HDED,AREA,GRUPO_INV) values ('CU','Moltó Lavandera, Idir','E','175065','S','16','0570','GPS');
Insert into PROFESOR (CTG,NOM,CCEN,NIP,DOCTOR,HDED,AREA,GRUPO_INV) values ('TU','Calvo Mollá, Sava','R','237338','S','32','0570','PLIS');
Insert into PROFESOR (CTG,NOM,CCEN,NIP,DOCTOR,HDED,AREA,GRUPO_INV) values ('CU','Gutiérrez Lairón, Sara','D','8666','S','20','0570','SIG');
Insert into PROFESOR (CTG,NOM,CCEN,NIP,DOCTOR,HDED,AREA,GRUPO_INV) values ('TU','Mollá Gurrea, Héctor','R','2749','S','16','0075','GTI-IA');
Insert into PROFESOR (CTG,NOM,CCEN,NIP,DOCTOR,HDED,AREA,GRUPO_INV) values ('TU','Lanáquera Toledo, Marcos','R','10774','S','16','0570','GTI');
Insert into PROFESOR (CTG,NOM,CCEN,NIP,DOCTOR,HDED,AREA,GRUPO_INV) values ('TU','Cuevas Gadea, Gonzalo','R','2746','S','32','0570','OOCMDB');
Insert into PROFESOR (CTG,NOM,CCEN,NIP,DOCTOR,HDED,AREA,GRUPO_INV) values ('TU','Vara Munuera, Marina','R','25597','S','24','0075','DB');
Insert into PROFESOR (CTG,NOM,CCEN,NIP,DOCTOR,HDED,AREA,GRUPO_INV) values ('ASOL-P6','Sanmartin Hurtado, Yaiza','Q','25631','S','16.5','0570',null);
Insert into PROFESOR (CTG,NOM,CCEN,NIP,DOCTOR,HDED,AREA,GRUPO_INV) values ('CU','Crispín Ros, Tadeusz','R','489','S','16','0570','GPS');
Insert into PROFESOR (CTG,NOM,CCEN,NIP,DOCTOR,HDED,AREA,GRUPO_INV) values ('TU','Yusá Vidaurre, Albert','R','1237','S','24','0570',null);
Insert into PROFESOR (CTG,NOM,CCEN,NIP,DOCTOR,HDED,AREA,GRUPO_INV) values ('TU','Furió Vitoria, Carmelo','R','54312','S','24','0570','DB');
Insert into PROFESOR (CTG,NOM,CCEN,NIP,DOCTOR,HDED,AREA,GRUPO_INV) values ('TU','Bruhn Olmos, Daniel','R','35886','S','28','0570','RFIA');
Insert into PROFESOR (CTG,NOM,CCEN,NIP,DOCTOR,HDED,AREA,GRUPO_INV) values ('COD-TC','Ferrero Puertes, Pino','R','38691','S','30','0570','SIG');
Insert into PROFESOR (CTG,NOM,CCEN,NIP,DOCTOR,HDED,AREA,GRUPO_INV) values ('TU','Pedrera Arraez, Antony','R','175252','S','28','0570','SiDi');
Insert into PROFESOR (CTG,NOM,CCEN,NIP,DOCTOR,HDED,AREA,GRUPO_INV) values ('COD-TC','Hinarejos Esparcia, Gustavo','R','28806','S','24','0570','SiDi');
Insert into PROFESOR (CTG,NOM,CCEN,NIP,DOCTOR,HDED,AREA,GRUPO_INV) values ('TU','Cuallado Simó, Tomás','R','42231','S','24','0570','DB');
Insert into PROFESOR (CTG,NOM,CCEN,NIP,DOCTOR,HDED,AREA,GRUPO_INV) values ('TU','Parcet Lorente, Pedro','R','1344','S','22','0075','OOCMDB');
Insert into PROFESOR (CTG,NOM,CCEN,NIP,DOCTOR,HDED,AREA,GRUPO_INV) values ('TU','Artem Richart, Elena','E','37691','S','24','0075','SIG');
Insert into PROFESOR (CTG,NOM,CCEN,NIP,DOCTOR,HDED,AREA,GRUPO_INV) values ('TU','Urgessa Sáez, Pablo','R','174395','S','20','0075','GTI-IA');
Insert into PROFESOR (CTG,NOM,CCEN,NIP,DOCTOR,HDED,AREA,GRUPO_INV) values ('TU','Cortés María, Rubén','R','3231','S','24','0075','PRHLT');
Insert into PROFESOR (CTG,NOM,CCEN,NIP,DOCTOR,HDED,AREA,GRUPO_INV) values ('TU','Carbonell Villarin, Rubén','R','1004','S','20','0570','GTI-IA');
Insert into PROFESOR (CTG,NOM,CCEN,NIP,DOCTOR,HDED,AREA,GRUPO_INV) values ('TU','Antón Álvaro, Roberto','R','30787','S','24','0570','ELP');
Insert into PROFESOR (CTG,NOM,CCEN,NIP,DOCTOR,HDED,AREA,GRUPO_INV) values ('TU','Aznar Gutiérrez, Francesc','R','11695','S','16','0570','GTI-IA');
Insert into PROFESOR (CTG,NOM,CCEN,NIP,DOCTOR,HDED,AREA,GRUPO_INV) values ('TU','Castelló Rodríguez, Gorka','D','31657','S','24','0570',null);
Insert into PROFESOR (CTG,NOM,CCEN,NIP,DOCTOR,HDED,AREA,GRUPO_INV) values ('TU','Poveda Peral, Àlvar','R','33117','S','16','0570',null);
Insert into PROFESOR (CTG,NOM,CCEN,NIP,DOCTOR,HDED,AREA,GRUPO_INV) values ('TU','Martí Chorda, Alfredo','R','33134','S','16','0570','DB');
Insert into PROFESOR (CTG,NOM,CCEN,NIP,DOCTOR,HDED,AREA,GRUPO_INV) values ('COD-TC','Marti Rovira, Moises','R','42186','S','28','0570','GCP');
Insert into PROFESOR (CTG,NOM,CCEN,NIP,DOCTOR,HDED,AREA,GRUPO_INV) values ('TU','Ribera Pascual, Marcos','R','174314','S','24','0570','ELP');
Insert into PROFESOR (CTG,NOM,CCEN,NIP,DOCTOR,HDED,AREA,GRUPO_INV) values ('ASOL-P6','Díez Sanjuán, David','Q','36359','S','16.5','0570','OOCMDB');
Insert into PROFESOR (CTG,NOM,CCEN,NIP,DOCTOR,HDED,AREA,GRUPO_INV) values ('ASOL-P4','Milla Bonet, Alejandro','J','310041','N','11','0570','PLIS');
Insert into PROFESOR (CTG,NOM,CCEN,NIP,DOCTOR,HDED,AREA,GRUPO_INV) values ('TEU','Caselles Peris, Dora','R','33414','N','24','0075','PRHLT');
Insert into PROFESOR (CTG,NOM,CCEN,NIP,DOCTOR,HDED,AREA,GRUPO_INV) values ('CU','Alcolea Peñafiel, Julio','R','102','S','16','0570','SiDi');
Insert into PROFESOR (CTG,NOM,CCEN,NIP,DOCTOR,HDED,AREA,GRUPO_INV) values ('TU','Villarín Hernica, Jaime','R','2347','S','26','0570','GPS');
Insert into PROFESOR (CTG,NOM,CCEN,NIP,DOCTOR,HDED,AREA,GRUPO_INV) values ('CU','Barrón Miñana, Isaac','R','1818','S','16','0075','DB');
Insert into PROFESOR (CTG,NOM,CCEN,NIP,DOCTOR,HDED,AREA,GRUPO_INV) values ('TEU','Ortúzar Ciborro, Laura','R','1816','N','32','0570','GTI-IA');
Insert into PROFESOR (CTG,NOM,CCEN,NIP,DOCTOR,HDED,AREA,GRUPO_INV) values ('ASOL-P6','Banegas Sánchez, Juan','J','432496','N','16.5','0570','ELP');
Insert into PROFESOR (CTG,NOM,CCEN,NIP,DOCTOR,HDED,AREA,GRUPO_INV) values ('TU','Peinado Dolz, Sara','R','2383','S','32','0570','GCP');
Insert into PROFESOR (CTG,NOM,CCEN,NIP,DOCTOR,HDED,AREA,GRUPO_INV) values ('TEU','Fernández-Calvillo Piles, Rafael','R','748','N','32','0570','GTI');
Insert into PROFESOR (CTG,NOM,CCEN,NIP,DOCTOR,HDED,AREA,GRUPO_INV) values ('CU','Benavent Alegre, Amparo','R','2359','S','16','0570','GPS');
Insert into PROFESOR (CTG,NOM,CCEN,NIP,DOCTOR,HDED,AREA,GRUPO_INV) values ('CU','Baeza Vilar, Prados','R','268','S','16','0570','DB');
Insert into PROFESOR (CTG,NOM,CCEN,NIP,DOCTOR,HDED,AREA,GRUPO_INV) values ('COD-TC','Marco Tortosa, César','R','282077','S','26','0570','RFIA');
Insert into PROFESOR (CTG,NOM,CCEN,NIP,DOCTOR,HDED,AREA,GRUPO_INV) values ('TU','Mor Ferrer, Alfons','R','2641','S','24','0075','GCP');
Insert into PROFESOR (CTG,NOM,CCEN,NIP,DOCTOR,HDED,AREA,GRUPO_INV) values ('TU-P3','Yudici Cosme, Alexandro','R','11789','S','8.25','0570','PLIS');
Insert into PROFESOR (CTG,NOM,CCEN,NIP,DOCTOR,HDED,AREA,GRUPO_INV) values ('COD-TC','Dolz Eyob, Marlon','R','193103','S','32','0570','ELP');
Insert into PROFESOR (CTG,NOM,CCEN,NIP,DOCTOR,HDED,AREA,GRUPO_INV) values ('CU','Isla Segrelles, Pedro','R','10786','S','16','0075','SIG');
Insert into PROFESOR (CTG,NOM,CCEN,NIP,DOCTOR,HDED,AREA,GRUPO_INV) values ('TEU','Albiñana Lucán, Carla','R','1483','N','32','0570','GTI-IA');
Insert into PROFESOR (CTG,NOM,CCEN,NIP,DOCTOR,HDED,AREA,GRUPO_INV) values ('CU','Román Marrahí, Asier','R','1627','S','16','0570','RFIA');
Insert into PROFESOR (CTG,NOM,CCEN,NIP,DOCTOR,HDED,AREA,GRUPO_INV) values ('CU','Artola Molino, Ricardo','E','468128','S','16','0570','SIG');
Insert into PROFESOR (CTG,NOM,CCEN,NIP,DOCTOR,HDED,AREA,GRUPO_INV) values ('TU','Aroca Ginestar, Héctor','R','80379','S','32','0570','SIG');
Insert into PROFESOR (CTG,NOM,CCEN,NIP,DOCTOR,HDED,AREA,GRUPO_INV) values ('CU','Llavata Fons, Edgar','R','2201','S','24','0570','OOCMDB');
Insert into PROFESOR (CTG,NOM,CCEN,NIP,DOCTOR,HDED,AREA,GRUPO_INV) values ('TU','Roselló Pallarés, Diego','L','791','S','24','0570','GPS');
Insert into PROFESOR (CTG,NOM,CCEN,NIP,DOCTOR,HDED,AREA,GRUPO_INV) values ('CU','Díaz Franco, Soledad','R','383','S','14','0570','GCP');
Insert into PROFESOR (CTG,NOM,CCEN,NIP,DOCTOR,HDED,AREA,GRUPO_INV) values ('TU','Marqués Sebastián, Nieves','R','10670','S','30','0570','ELP');
Insert into PROFESOR (CTG,NOM,CCEN,NIP,DOCTOR,HDED,AREA,GRUPO_INV) values ('TU','Casamayor Millet, Ricard','R','26586','S','16','0570','GTI');
Insert into PROFESOR (CTG,NOM,CCEN,NIP,DOCTOR,HDED,AREA,GRUPO_INV) values ('TU','Herrera Baño, Yaiza','R','284475','S','16','0570','ELP');
Insert into PROFESOR (CTG,NOM,CCEN,NIP,DOCTOR,HDED,AREA,GRUPO_INV) values ('CU','Nielsen Vizcarro, Adrián','R','1334','S','28','0570',null);
Insert into PROFESOR (CTG,NOM,CCEN,NIP,DOCTOR,HDED,AREA,GRUPO_INV) values ('COD-TC','Treviño Orts, Alexandro','T','9260','S','24','0570','GTI-IA');
Insert into PROFESOR (CTG,NOM,CCEN,NIP,DOCTOR,HDED,AREA,GRUPO_INV) values ('TU','Álvarez Pozo, Sául','R','2483','S','30','0570','GTI');
Insert into PROFESOR (CTG,NOM,CCEN,NIP,DOCTOR,HDED,AREA,GRUPO_INV) values ('TU','Torras Delgado, Pau','E','10580','S','24','0570','GPS');
Insert into PROFESOR (CTG,NOM,CCEN,NIP,DOCTOR,HDED,AREA,GRUPO_INV) values ('CU','Banegas Camps, David','R','1693','S','16','0570','GCP');
Insert into PROFESOR (CTG,NOM,CCEN,NIP,DOCTOR,HDED,AREA,GRUPO_INV) values ('COD-TC','Sorli Hernandez, Aitor','R','14051','S','30','0570','ELP');
Insert into PROFESOR (CTG,NOM,CCEN,NIP,DOCTOR,HDED,AREA,GRUPO_INV) values ('CU','Delgado Cervantes, Camilla','R','3359','S','20','0075','PLIS');
Insert into PROFESOR (CTG,NOM,CCEN,NIP,DOCTOR,HDED,AREA,GRUPO_INV) values ('COD-TC','Valiño Montesinos, Marta','J','9979','S','30','0570','GCP');
Insert into PROFESOR (CTG,NOM,CCEN,NIP,DOCTOR,HDED,AREA,GRUPO_INV) values ('ASOL-P6','Peñarrocha Marimón, Vicente',null,'318660','N','16.5','0570','PRHLT');
Insert into PROFESOR (CTG,NOM,CCEN,NIP,DOCTOR,HDED,AREA,GRUPO_INV) values ('TEU-P6','Alarcón Hernández, Jonathan','R','11234','N','16.5','0075','SIG');
Insert into PROFESOR (CTG,NOM,CCEN,NIP,DOCTOR,HDED,AREA,GRUPO_INV) values ('TU','Molió Pallarés, Xavier','R','11830','S','24','0075','GTI-IA');
Insert into PROFESOR (CTG,NOM,CCEN,NIP,DOCTOR,HDED,AREA,GRUPO_INV) values ('TU','Insa Richart, Bruno','D','20523','S','24','0570','OOCMDB');
Insert into PROFESOR (CTG,NOM,CCEN,NIP,DOCTOR,HDED,AREA,GRUPO_INV) values ('COD-TC','Granell Ariguel, José','Q','11449','S','30','0570','ELP');
Insert into PROFESOR (CTG,NOM,CCEN,NIP,DOCTOR,HDED,AREA,GRUPO_INV) values ('CU','Andreu León, Guillem','R','9594','S','16','0570','GPS');
Insert into PROFESOR (CTG,NOM,CCEN,NIP,DOCTOR,HDED,AREA,GRUPO_INV) values ('TU','Fontela Banegas, Pau','M','10772','S','22','0570','PLIS');
Insert into PROFESOR (CTG,NOM,CCEN,NIP,DOCTOR,HDED,AREA,GRUPO_INV) values ('TU','Ortiz Monzó, Alejandro','R','10394','S','16','0570','OOCMDB');
Insert into PROFESOR (CTG,NOM,CCEN,NIP,DOCTOR,HDED,AREA,GRUPO_INV) values ('CU','Valiño Limorti, Joan','R','676','S','16','0570','ELP');
Insert into PROFESOR (CTG,NOM,CCEN,NIP,DOCTOR,HDED,AREA,GRUPO_INV) values ('TU','Lerma Tolmos, Viviana','T','2345','S','16','0570','TLCC');
Insert into PROFESOR (CTG,NOM,CCEN,NIP,DOCTOR,HDED,AREA,GRUPO_INV) values ('CU','Esteban Vidal, Manel','R','871','S','16','0570','ELP');
Insert into PROFESOR (CTG,NOM,CCEN,NIP,DOCTOR,HDED,AREA,GRUPO_INV) values ('TEU','Galdú Manrique, M.Víctoria','R','895','S','30','0570','GCP');
Insert into PROFESOR (CTG,NOM,CCEN,NIP,DOCTOR,HDED,AREA,GRUPO_INV) values ('TEU','Mollá Lairón, Ana','E','3860','N','32','0075','GPS');
Insert into PROFESOR (CTG,NOM,CCEN,NIP,DOCTOR,HDED,AREA,GRUPO_INV) values ('TEU','Bonet España, Tomás','R','879','S','32','0570','PRHLT');
Insert into PROFESOR (CTG,NOM,CCEN,NIP,DOCTOR,HDED,AREA,GRUPO_INV) values ('CU','Bastidas Castillo, Jorge','R','392','S','12','0570','GTI');
Insert into PROFESOR (CTG,NOM,CCEN,NIP,DOCTOR,HDED,AREA,GRUPO_INV) values ('TU','Cardona Luis, Vicente','R','3947','S','24','0035','GTI-IA');
Insert into PROFESOR (CTG,NOM,CCEN,NIP,DOCTOR,HDED,AREA,GRUPO_INV) values ('CU','Talavera Quintanilla, Álvaro','L','1212','S','16','0260','GTI');
Insert into PROFESOR (CTG,NOM,CCEN,NIP,DOCTOR,HDED,AREA,GRUPO_INV) values ('TU','Treviño Montés, Francesc','Q','1296','S','16','0560','ELP');
Insert into PROFESOR (CTG,NOM,CCEN,NIP,DOCTOR,HDED,AREA,GRUPO_INV) values ('TU','Ochando Segrelles, Andrés','R','10','S','16','0595','GTI-IA');
Insert into PROFESOR (CTG,NOM,CCEN,NIP,DOCTOR,HDED,AREA,GRUPO_INV) values ('TU','Cano Lanáquera, Guillem','L','493','S','32','0260','GCP');
Insert into PROFESOR (CTG,NOM,CCEN,NIP,DOCTOR,HDED,AREA,GRUPO_INV) values ('TU','Folgado Ventura, Cynthia','Q','11693','S','16','0785','ELP');
Insert into PROFESOR (CTG,NOM,CCEN,NIP,DOCTOR,HDED,AREA,GRUPO_INV) values ('TU','Tomás Escriva, Cristina','Q','12358','S','32','0785','RFIA');
Insert into PROFESOR (CTG,NOM,CCEN,NIP,DOCTOR,HDED,AREA,GRUPO_INV) values ('COD-TC','Cruz Puche, Elisa','L','23241','S','32','0105','PLIS');

Insert into TITULACION (CTIT,NOMTIT) values ('152','Grado en Ingeniería de Sistemas de Telecomunicación, Sonido e Imagen');
Insert into TITULACION (CTIT,NOMTIT) values ('153','Grado en Ingeniería Geomática y Topografía');
Insert into TITULACION (CTIT,NOMTIT) values ('154','Grado en Ingeniería en Tecnologías Industriales');
Insert into TITULACION (CTIT,NOMTIT) values ('155','Grado en Ingeniería de Organización Industrial');
Insert into TITULACION (CTIT,NOMTIT) values ('156','Grado en Ingeniería Informática');
Insert into TITULACION (CTIT,NOMTIT) values ('157','Grado en Ingeniería Informática');
Insert into TITULACION (CTIT,NOMTIT) values ('158','Grado en Administración y Dirección de Empresas');
Insert into TITULACION (CTIT,NOMTIT) values ('161','Grado en Ingeniería Eléctrica');
Insert into TITULACION (CTIT,NOMTIT) values ('163','Grado en Ingeniería Electrónica Industrial y Automática');
Insert into TITULACION (CTIT,NOMTIT) values ('168','Grado en Ingeniería de Obras Públicas');
Insert into TITULACION (CTIT,NOMTIT) values ('169','Grado en Ingeniería Mecánica');
Insert into TITULACION (CTIT,NOMTIT) values ('173','Grado en Ingeniería Civil');
Insert into TITULACION (CTIT,NOMTIT) values ('140','Grado en Turismo');
Insert into TITULACION (CTIT,NOMTIT) values ('141','Grado en Comunicación Audiovisual');
Insert into TITULACION (CTIT,NOMTIT) values ('142','Grado en Ingeniería en Diseño Industrial y Desarrollo de Productos');
Insert into TITULACION (CTIT,NOMTIT) values ('146','Grado en Gestión y Administración Pública');
Insert into TITULACION (CTIT,NOMTIT) values ('2186','Programa de Doctorado en Informática');
Insert into TITULACION (CTIT,NOMTIT) values ('2197','Máster Universitario en Artes Visuales y Multimedia');
Insert into TITULACION (CTIT,NOMTIT) values ('182','Doble Grado en Ingeniería Informática y Administración y Dirección de Empresas');
Insert into TITULACION (CTIT,NOMTIT) values ('183','Doble Grado en Ingeniería Informática y Administración y Dirección de Empresas');
Insert into TITULACION (CTIT,NOMTIT) values ('185','Grado en Diseño y Tecnologías Creativas');
Insert into TITULACION (CTIT,NOMTIT) values ('2154','Máster Universitario en Postproducción Digital');
Insert into TITULACION (CTIT,NOMTIT) values ('2157','Máster Universitario en Ingeniería Acústica');
Insert into TITULACION (CTIT,NOMTIT) values ('174','Grado en Ingeniería de la Energía');
Insert into TITULACION (CTIT,NOMTIT) values ('175','Grado en Ingeniería Biomédica');
Insert into TITULACION (CTIT,NOMTIT) values ('2233','Máster Universitario en Ingeniería Informática');
Insert into TITULACION (CTIT,NOMTIT) values ('2253','Máster Universitario en Ingeniería y Tecnología De Sistemas Software');
Insert into TITULACION (CTIT,NOMTIT) values ('2254','Máster Universitario en Inteligencia Artificial, Reconocimiento de Formas e Imagen Digital');
Insert into TITULACION (CTIT,NOMTIT) values ('2255','Máster Universitario en Gestión de la Información');
Insert into TITULACION (CTIT,NOMTIT) values ('180','Doble Grado en Administración y Dirección de Empresas y Turismo (Gandía-Alcoy)');
Insert into TITULACION (CTIT,NOMTIT) values ('181','Doble Grado en Administración y Dirección de Empresas y Turismo (Gandía-Alcoy)');
Insert into TITULACION (CTIT,NOMTIT) values ('2269','Máster Universitario en Ingeniería Biomédica');
Insert into TITULACION (CTIT,NOMTIT) values ('186','Grado en Tecnologías Interactivas');
Insert into TITULACION (CTIT,NOMTIT) values ('2274','Máster Universitario en Ingeniería Geomática y Geoinformación');
Insert into TITULACION (CTIT,NOMTIT) values ('189','Grado en Ciencia de Datos');
Insert into TITULACION (CTIT,NOMTIT) values ('191','Doble Grado en Ingeniería de Sistemas de Telecomunicación, Sonido e Imagen y Comunicación Audiovisual');
Insert into TITULACION (CTIT,NOMTIT) values ('2276','Máster Universitario en Computación Paralela y Distribuida');
Insert into TITULACION (CTIT,NOMTIT) values ('192','Doble en Ingeniería de Tecnologías y Servicios de Telecomunicación y Administración y Dirección de Empresas');
Insert into TITULACION (CTIT,NOMTIT) values ('194','Grado en Tecnología Digital y Multimedia');
Insert into TITULACION (CTIT,NOMTIT) values ('187','Grado en Ingeniería Química');
Insert into TITULACION (CTIT,NOMTIT) values ('190','Grado en Ingeniería de Tecnologías y Servicios de Telecomunicación');

Insert into UDOCENTE (UDO,NUDOC,RESP) values ('157','Sistemas de Información','1992');
Insert into UDOCENTE (UDO,NUDOC,RESP) values ('158','Sistemas','42231');
Insert into UDOCENTE (UDO,NUDOC,RESP) values ('159','Computación','10774');
Insert into UDOCENTE (UDO,NUDOC,RESP) values ('160','Desarrollo del Software','1712');
Insert into UDOCENTE (UDO,NUDOC,RESP) values ('161','Inteligencia Artificial','3167');
Insert into UDOCENTE (UDO,NUDOC,RESP) values ('162','Computación Numérica','2749');
Insert into UDOCENTE (UDO,NUDOC,RESP) values ('163','Sección Departamental Alcoy','9979');
Insert into UDOCENTE (UDO,NUDOC,RESP) values ('164','Sección Departamental Gandía','1133');
Insert into UDOCENTE (UDO,NUDOC,RESP) values ('165','Informática Gráfica y Multimedia','8666');
Insert into UDOCENTE (UDO,NUDOC,RESP) values ('166','Máster CPD','925');
Insert into UDOCENTE (UDO,NUDOC,RESP) values ('167','Máster IARFID','54312');
Insert into UDOCENTE (UDO,NUDOC,RESP) values ('168','Máster ISMFSI','2784');
Insert into UDOCENTE (UDO,NUDOC,RESP) values ('169','Programación','1334');
Insert into UDOCENTE (UDO,NUDOC,RESP) values ('170','Programación Básica','175065');
Insert into UDOCENTE (UDO,NUDOC,RESP) values ('171','Otros Másteres','23334');

Insert into ASIGNATURA (CCEN,CTIT,CU,NMASG,UDO,CARACTER,GT,GP,CT,CP,NALM,AREA,RESP,COD_ASG) values ('X','2253','1B','Experiencias en Gestión de Modelos','168','O','1','0','2','0','6','0570','1712','33948');
Insert into ASIGNATURA (CCEN,CTIT,CU,NMASG,UDO,CARACTER,GT,GP,CT,CP,NALM,AREA,RESP,COD_ASG) values ('X','2253','1B','Gestión de Contenido Digital','168','B','2','0','3','0','26','0570','700','33963');
Insert into ASIGNATURA (CCEN,CTIT,CU,NMASG,UDO,CARACTER,GT,GP,CT,CP,NALM,AREA,RESP,COD_ASG) values ('X','2253','1A','Fundamentos Lógicos y Algebraicos','168','B','1','1','2','0.5','26','0570','871','33966');
Insert into ASIGNATURA (CCEN,CTIT,CU,NMASG,UDO,CARACTER,GT,GP,CT,CP,NALM,AREA,RESP,COD_ASG) values ('X','2254','1A','Redes Neuronales Artificiales','167','O','2','2','1.5','1','35','0570',null,'33989');
Insert into ASIGNATURA (CCEN,CTIT,CU,NMASG,UDO,CARACTER,GT,GP,CT,CP,NALM,AREA,RESP,COD_ASG) values ('R','2255','2A','Sistemas de Gestión de Contenidos Web (Wcms)','158','O','2','1','3','1.5','9','0570','700','34005');
Insert into ASIGNATURA (CCEN,CTIT,CU,NMASG,UDO,CARACTER,GT,GP,CT,CP,NALM,AREA,RESP,COD_ASG) values ('X','2276','1B','Aplicaciones de la Computación Científica en la Ingeniería (Acci)','166','O','1','1','1','1','0','0075','1818','34565');
Insert into ASIGNATURA (CCEN,CTIT,CU,NMASG,UDO,CARACTER,GT,GP,CT,CP,NALM,AREA,RESP,COD_ASG) values ('L','185','3A','Modelado 3d','165','O','1','1','1','2','31',null,'71520','13840');
Insert into ASIGNATURA (CCEN,CTIT,CU,NMASG,UDO,CARACTER,GT,GP,CT,CP,NALM,AREA,RESP,COD_ASG) values ('R','156','4A','Lenguajes de Programación y Procesadores de Lenguajes','159','O','4','2','4.5','1.5','74',null,'676','11590');
Insert into ASIGNATURA (CCEN,CTIT,CU,NMASG,UDO,CARACTER,GT,GP,CT,CP,NALM,AREA,RESP,COD_ASG) values ('X','2254','1A','Lingüística Computacional','167','B','2','2','1.5','0.5','33','0570','2359','33995');
Insert into ASIGNATURA (CCEN,CTIT,CU,NMASG,UDO,CARACTER,GT,GP,CT,CP,NALM,AREA,RESP,COD_ASG) values ('X','2253','1B','Laboratorio de Análisis, Transformación y Depuración','168','O','1','1','0.5','1','11','0570','48664','33954');
Insert into ASIGNATURA (CCEN,CTIT,CU,NMASG,UDO,CARACTER,GT,GP,CT,CP,NALM,AREA,RESP,COD_ASG) values ('X','2253','1A','Transformación, Validación y Depuración de Software','168','B','2','0','2','0','26','0570','1693','33961');
Insert into ASIGNATURA (CCEN,CTIT,CU,NMASG,UDO,CARACTER,GT,GP,CT,CP,NALM,AREA,RESP,COD_ASG) values ('D','154','4B','Desarrollo de Aplicaciones para Dispositivos Móviles','170','O','1','2','2.4','2.1','20','0570','20523','13437');
Insert into ASIGNATURA (CCEN,CTIT,CU,NMASG,UDO,CARACTER,GT,GP,CT,CP,NALM,AREA,RESP,COD_ASG) values ('E','142','1A','Informática','170','S','2','6','3','3','178','0570','468128','10269');
Insert into ASIGNATURA (CCEN,CTIT,CU,NMASG,UDO,CARACTER,GT,GP,CT,CP,NALM,AREA,RESP,COD_ASG) values ('D','175','1A','Informática y Redes','157','S','2','4','0.96','0.54','93',null,'877','13040');
Insert into ASIGNATURA (CCEN,CTIT,CU,NMASG,UDO,CARACTER,GT,GP,CT,CP,NALM,AREA,RESP,COD_ASG) values ('R','2233','1B','Auditoría, Calidad y Gestión de Sistemas de Información','157','B','2','1','4.5','1.5','22','0570','38691','33433');
Insert into ASIGNATURA (CCEN,CTIT,CU,NMASG,UDO,CARACTER,GT,GP,CT,CP,NALM,AREA,RESP,COD_ASG) values ('R','156','3B','Computabilidad y Complejidad','159','O','4','2','3','1.5','82','0570','879','11586');
Insert into ASIGNATURA (CCEN,CTIT,CU,NMASG,UDO,CARACTER,GT,GP,CT,CP,NALM,AREA,RESP,COD_ASG) values ('X','2197','1B','Programación para Arte Multimedia','165','B','0','1','0','2','19','0260','310025','33154');
Insert into ASIGNATURA (CCEN,CTIT,CU,NMASG,UDO,CARACTER,GT,GP,CT,CP,NALM,AREA,RESP,COD_ASG) values ('X','2254','1B','Biometría','167','O','2','1','1.5','1','12','0570','1004','33975');
Insert into ASIGNATURA (CCEN,CTIT,CU,NMASG,UDO,CARACTER,GT,GP,CT,CP,NALM,AREA,RESP,COD_ASG) values ('R','156','4A','Aprendizaje Automático','161','O','4','2','3','1.5','75',null,'425','11594');
Insert into ASIGNATURA (CCEN,CTIT,CU,NMASG,UDO,CARACTER,GT,GP,CT,CP,NALM,AREA,RESP,COD_ASG) values ('X','2253','1A','Ingeniería del Software Experimental','168','B','2','0','3','0','25','0570','425226','33969');
Insert into ASIGNATURA (CCEN,CTIT,CU,NMASG,UDO,CARACTER,GT,GP,CT,CP,NALM,AREA,RESP,COD_ASG) values ('R','156','3B','Agentes Inteligentes','161','O','4','2','3','1.5','72','0570','392','11587');
Insert into ASIGNATURA (CCEN,CTIT,CU,NMASG,UDO,CARACTER,GT,GP,CT,CP,NALM,AREA,RESP,COD_ASG) values ('X','2254','1B','Visión por Computador','167','O','2','0','1.5','0','26','0570','1004','33979');
Insert into ASIGNATURA (CCEN,CTIT,CU,NMASG,UDO,CARACTER,GT,GP,CT,CP,NALM,AREA,RESP,COD_ASG) values ('M','146','4B','Trabajo Colaborativo en la Red','170','O','1','1','2.7','1.2','4','0570','10772','14262');
Insert into ASIGNATURA (CCEN,CTIT,CU,NMASG,UDO,CARACTER,GT,GP,CT,CP,NALM,AREA,RESP,COD_ASG) values ('R','156','4A','Desarrollo Centrado en el Usuario','160','O','4','3','3','1.5','101',null,'175252','11613');
Insert into ASIGNATURA (CCEN,CTIT,CU,NMASG,UDO,CARACTER,GT,GP,CT,CP,NALM,AREA,RESP,COD_ASG) values ('Q','186','2B','Algorítmica y Matemáticas para Juegos','164','S','0','2','0','1.5','33','0595',null,'13919');
Insert into ASIGNATURA (CCEN,CTIT,CU,NMASG,UDO,CARACTER,GT,GP,CT,CP,NALM,AREA,RESP,COD_ASG) values ('X','2254','1B','Producción de Imagen Digital','167','O','2','1','1.5','1','8','0570','1136','33980');
Insert into ASIGNATURA (CCEN,CTIT,CU,NMASG,UDO,CARACTER,GT,GP,CT,CP,NALM,AREA,RESP,COD_ASG) values ('X','2254','1A','Motores de Videojuegos','167','O','2','1','1.5','1','13','0570',null,'33982');
Insert into ASIGNATURA (CCEN,CTIT,CU,NMASG,UDO,CARACTER,GT,GP,CT,CP,NALM,AREA,RESP,COD_ASG) values ('X','2276','1B','Computación de Altas Prestaciones en Problemas de Optimización y Simulación (Capos)','166','O','1','1','1','1','3','0075','2749','34567');
Insert into ASIGNATURA (CCEN,CTIT,CU,NMASG,UDO,CARACTER,GT,GP,CT,CP,NALM,AREA,RESP,COD_ASG) values ('J','157','4A','Lenguajes y Entornos de Programación Paralela','163','O','2','1','3','1.5','11','0570','2817','11688');
Insert into ASIGNATURA (CCEN,CTIT,CU,NMASG,UDO,CARACTER,GT,GP,CT,CP,NALM,AREA,RESP,COD_ASG) values ('J','157','3B','Desarrollo Web','163','O','2','1','3','1.5','22','0570','48389','11713');
Insert into ASIGNATURA (CCEN,CTIT,CU,NMASG,UDO,CARACTER,GT,GP,CT,CP,NALM,AREA,RESP,COD_ASG) values ('L','185','2A','Medios Audiovisuales','165','B','2','2','1','1','104',null,'5089','13802');
Insert into ASIGNATURA (CCEN,CTIT,CU,NMASG,UDO,CARACTER,GT,GP,CT,CP,NALM,AREA,RESP,COD_ASG) values ('E','169','1A','Informática','170','S','3','8','3','3','193','0570','175065','12564');
Insert into ASIGNATURA (CCEN,CTIT,CU,NMASG,UDO,CARACTER,GT,GP,CT,CP,NALM,AREA,RESP,COD_ASG) values ('M','146','1A','Informática Aplicada','170','S','5','4','4','2','92','0075','46607','10601');
Insert into ASIGNATURA (CCEN,CTIT,CU,NMASG,UDO,CARACTER,GT,GP,CT,CP,NALM,AREA,RESP,COD_ASG) values ('R','156','3B','Desarrollo de Software Dirigido por Modelos','160','O','4','2','3','1.5','81','0570','284475','11567');
Insert into ASIGNATURA (CCEN,CTIT,CU,NMASG,UDO,CARACTER,GT,GP,CT,CP,NALM,AREA,RESP,COD_ASG) values ('R','156','3B','Sistemas de Almacenamiento y Recuperación y de Información','157','O','4','2','3','1.5','70','0570','1627','11588');
Insert into ASIGNATURA (CCEN,CTIT,CU,NMASG,UDO,CARACTER,GT,GP,CT,CP,NALM,AREA,RESP,COD_ASG) values ('R','189','1A','Fundamentos de Programación','169','S','4','2','4.5','1.5','83','0570','21560','14002');
Insert into ASIGNATURA (CCEN,CTIT,CU,NMASG,UDO,CARACTER,GT,GP,CT,CP,NALM,AREA,RESP,COD_ASG) values ('X','2254','1A','Realidad Virtual y Aumentada','167','O','2','1','1.5','1','16','0570','8666','33983');
Insert into ASIGNATURA (CCEN,CTIT,CU,NMASG,UDO,CARACTER,GT,GP,CT,CP,NALM,AREA,RESP,COD_ASG) values ('X','2254','1B','Computación Natural Bioinspirada','167','O','1','1','1.5','1.5','9','0570','1873','34532');
Insert into ASIGNATURA (CCEN,CTIT,CU,NMASG,UDO,CARACTER,GT,GP,CT,CP,NALM,AREA,RESP,COD_ASG) values ('R','2233','1A','Servicios y Aplicaciones Distribuidas','158','B','2','1','4.5','1.5','23','0570','102','33435');
Insert into ASIGNATURA (CCEN,CTIT,CU,NMASG,UDO,CARACTER,GT,GP,CT,CP,NALM,AREA,RESP,COD_ASG) values ('X','2276','1A','Infraestructuras de Cloud Público (Icp)','166','B','1','1','2','2','3','0075','174395','34576');
Insert into ASIGNATURA (CCEN,CTIT,CU,NMASG,UDO,CARACTER,GT,GP,CT,CP,NALM,AREA,RESP,COD_ASG) values ('D','155','1B','Informática','170','S','2','4','3.6','2.4','106','0570','15819','11474');
Insert into ASIGNATURA (CCEN,CTIT,CU,NMASG,UDO,CARACTER,GT,GP,CT,CP,NALM,AREA,RESP,COD_ASG) values ('Q','186','1B','Programación 2','164','S','1','2','3','3','83',null,'63619','13929');
Insert into ASIGNATURA (CCEN,CTIT,CU,NMASG,UDO,CARACTER,GT,GP,CT,CP,NALM,AREA,RESP,COD_ASG) values ('R','189','2B','Gestión de Datos','157','B','3','2','4.5','1.5','62','0570','1090','14027');
Insert into ASIGNATURA (CCEN,CTIT,CU,NMASG,UDO,CARACTER,GT,GP,CT,CP,NALM,AREA,RESP,COD_ASG) values ('R','156','4A','Algorítmica','169','O','4','2','3','1.5','79',null,'1334','11593');
Insert into ASIGNATURA (CCEN,CTIT,CU,NMASG,UDO,CARACTER,GT,GP,CT,CP,NALM,AREA,RESP,COD_ASG) values ('M','158','4B','Trabajo Colaborativo en la Red','170','O','1','1','2.7','1.2','21','0570','10772','11803');
Insert into ASIGNATURA (CCEN,CTIT,CU,NMASG,UDO,CARACTER,GT,GP,CT,CP,NALM,AREA,RESP,COD_ASG) values ('X','2254','1A','Traducción Automática','167','O','2','1','1.5','1','23','0570','425','33991');
Insert into ASIGNATURA (CCEN,CTIT,CU,NMASG,UDO,CARACTER,GT,GP,CT,CP,NALM,AREA,RESP,COD_ASG) values ('X','2276','1A','Tecnología de la Programación Paralela (Tpp)','166','B','1','1','2','2','4','0075','925','34574');
Insert into ASIGNATURA (CCEN,CTIT,CU,NMASG,UDO,CARACTER,GT,GP,CT,CP,NALM,AREA,RESP,COD_ASG) values ('G','168','1B','Conocimientos Básicos de Programación y Métodos Numéricos','162','S','1','5','3','2','85','0075','2641','12491');
Insert into ASIGNATURA (CCEN,CTIT,CU,NMASG,UDO,CARACTER,GT,GP,CT,CP,NALM,AREA,RESP,COD_ASG) values ('G','153','4B','Programación Avanzada','170','O','1','1','2.25','2.25','13',null,'11661','11371');
Insert into ASIGNATURA (CCEN,CTIT,CU,NMASG,UDO,CARACTER,GT,GP,CT,CP,NALM,AREA,RESP,COD_ASG) values ('R','156','3B','Desarrollo Web','158','O','4','3','3','1.5','109','0570','243','11610');
Insert into ASIGNATURA (CCEN,CTIT,CU,NMASG,UDO,CARACTER,GT,GP,CT,CP,NALM,AREA,RESP,COD_ASG) values ('E','161','1B','Informática','170','S','2','4','3','3','114','0570','175065','12001');
Insert into ASIGNATURA (CCEN,CTIT,CU,NMASG,UDO,CARACTER,GT,GP,CT,CP,NALM,AREA,RESP,COD_ASG) values ('D','175','1A','El Papel del Ingeniero Biomédico','157','B','2','4','0.2','0.2','83',null,'19218','13045');
Insert into ASIGNATURA (CCEN,CTIT,CU,NMASG,UDO,CARACTER,GT,GP,CT,CP,NALM,AREA,RESP,COD_ASG) values ('X','2253','1B','Pruebas de Software Estructuradas','168','O','1','0','1','0','17','0570','282077','33947');
Insert into ASIGNATURA (CCEN,CTIT,CU,NMASG,UDO,CARACTER,GT,GP,CT,CP,NALM,AREA,RESP,COD_ASG) values ('X','2276','1A','Modelado y Resolución de Problemas en Ingeniería Mediante Computación de Altas Prestaciones (Mpicap)','166','B','1','1','2','2','3','0075','1818','34573');
Insert into ASIGNATURA (CCEN,CTIT,CU,NMASG,UDO,CARACTER,GT,GP,CT,CP,NALM,AREA,RESP,COD_ASG) values ('R','156','4A','Análisis y Especificación de Requisitos','160','O','4','2','4.5','1.5','83',null,'284475','11570');
Insert into ASIGNATURA (CCEN,CTIT,CU,NMASG,UDO,CARACTER,GT,GP,CT,CP,NALM,AREA,RESP,COD_ASG) values ('R','156','4A','Integración de Aplicaciones','160','O','4','3','3','1.5','94',null,'44750','11614');
Insert into ASIGNATURA (CCEN,CTIT,CU,NMASG,UDO,CARACTER,GT,GP,CT,CP,NALM,AREA,RESP,COD_ASG) values ('X','2197','1A','Arte Sonoro','165','B','1','1','1','1.5','19','0260','1212','33150');
Insert into ASIGNATURA (CCEN,CTIT,CU,NMASG,UDO,CARACTER,GT,GP,CT,CP,NALM,AREA,RESP,COD_ASG) values ('X','2276','1A','Cloud Computing (Cc)','166','B','1','1','2','2','3','0075','102','34572');
Insert into ASIGNATURA (CCEN,CTIT,CU,NMASG,UDO,CARACTER,GT,GP,CT,CP,NALM,AREA,RESP,COD_ASG) values ('X','2276','1A','Programación en Sistemas Cloud (Psc)','166','B','1','1','1','1','3','0075','1133','34575');
Insert into ASIGNATURA (CCEN,CTIT,CU,NMASG,UDO,CARACTER,GT,GP,CT,CP,NALM,AREA,RESP,COD_ASG) values ('R','2233','2A','Ciencia de Datos','157','O','2','1','4.5','1.5','15','0570','23002','33420');
Insert into ASIGNATURA (CCEN,CTIT,CU,NMASG,UDO,CARACTER,GT,GP,CT,CP,NALM,AREA,RESP,COD_ASG) values ('R','2255','1A','Explotación de Datos Masivos','157','B','2','1','3','1.5','17','0570','26586','34011');
Insert into ASIGNATURA (CCEN,CTIT,CU,NMASG,UDO,CARACTER,GT,GP,CT,CP,NALM,AREA,RESP,COD_ASG) values ('Q','186','3B','Proyecto de Robótica','164','B','1','1','3','3','23',null,'12358','13953');
Insert into ASIGNATURA (CCEN,CTIT,CU,NMASG,UDO,CARACTER,GT,GP,CT,CP,NALM,AREA,RESP,COD_ASG) values ('R','156','4A','Proyecto de Ingeniería de Software','160','O','4','2','4.5','1.5','80',null,'237338','11574');
Insert into ASIGNATURA (CCEN,CTIT,CU,NMASG,UDO,CARACTER,GT,GP,CT,CP,NALM,AREA,RESP,COD_ASG) values ('E','163','3B','Informática Aplicada','170','O','1','1','1.5','3','36',null,'21560','12179');
Insert into ASIGNATURA (CCEN,CTIT,CU,NMASG,UDO,CARACTER,GT,GP,CT,CP,NALM,AREA,RESP,COD_ASG) values ('G','173','1B','Conocimientos Básicos de Programación y Métodos Numéricos','162','S','2','6','3','2','111','0075','2641','12803');
Insert into ASIGNATURA (CCEN,CTIT,CU,NMASG,UDO,CARACTER,GT,GP,CT,CP,NALM,AREA,RESP,COD_ASG) values ('Q','186','3A','Proyecto Aplicaciones de Biometría d Medio Ambiente','164','B','1','1','2.9','3.3','23','0785','11693','13952');
Insert into ASIGNATURA (CCEN,CTIT,CU,NMASG,UDO,CARACTER,GT,GP,CT,CP,NALM,AREA,RESP,COD_ASG) values ('R','156','4B','Entornos de Desarrollo de Videojuegos','165','O','2','1','3','1.5','30','0570','54312','14101');
Insert into ASIGNATURA (CCEN,CTIT,CU,NMASG,UDO,CARACTER,GT,GP,CT,CP,NALM,AREA,RESP,COD_ASG) values ('G','153','2A','Bases de Datos','157','S','1','2','3','3','42',null,'11661','11338');
Insert into ASIGNATURA (CCEN,CTIT,CU,NMASG,UDO,CARACTER,GT,GP,CT,CP,NALM,AREA,RESP,COD_ASG) values ('Q','2157','1A','Programación en Matlab','164','B','1','1','0.5','1.5','6','0570','1818','31781');
Insert into ASIGNATURA (CCEN,CTIT,CU,NMASG,UDO,CARACTER,GT,GP,CT,CP,NALM,AREA,RESP,COD_ASG) values ('X','2253','1B','Programación Avanzada en Erlang','168','O','0','1','0','2','15','0570',null,'33957');
Insert into ASIGNATURA (CCEN,CTIT,CU,NMASG,UDO,CARACTER,GT,GP,CT,CP,NALM,AREA,RESP,COD_ASG) values ('R','156','3B','Proceso de Software','160','O','4','2','3','1.5','76','0570','237338','11571');
Insert into ASIGNATURA (CCEN,CTIT,CU,NMASG,UDO,CARACTER,GT,GP,CT,CP,NALM,AREA,RESP,COD_ASG) values ('R','156','4B','Diseño de Sitios Web','158','O','2','1','3','1.5','30','0570','11789','11648');
Insert into ASIGNATURA (CCEN,CTIT,CU,NMASG,UDO,CARACTER,GT,GP,CT,CP,NALM,AREA,RESP,COD_ASG) values ('J','157','4B','Síntesis de Imagen Digital','163','O','2','1','3','1.5','16','0570','432496','11730');
Insert into ASIGNATURA (CCEN,CTIT,CU,NMASG,UDO,CARACTER,GT,GP,CT,CP,NALM,AREA,RESP,COD_ASG) values ('E','163','1A','Informática','170','S','3','7','3','3','182','0570','175065','12139');
Insert into ASIGNATURA (CCEN,CTIT,CU,NMASG,UDO,CARACTER,GT,GP,CT,CP,NALM,AREA,RESP,COD_ASG) values ('Q','141','4B','Taller de Animación 3d','164','O','1','1','2.5','2','21','0570','36359','13632');
Insert into ASIGNATURA (CCEN,CTIT,CU,NMASG,UDO,CARACTER,GT,GP,CT,CP,NALM,AREA,RESP,COD_ASG) values ('R','2233','2A','Entretenimiento y Videojuegos','165','O','2','1','3.38','1.12','3',null,'10670','33422');
Insert into ASIGNATURA (CCEN,CTIT,CU,NMASG,UDO,CARACTER,GT,GP,CT,CP,NALM,AREA,RESP,COD_ASG) values ('X','2253','1B','Laboratorio de Programación Multiparadigma','168','O','1','1','0.5','1.5','15','0570','871','33955');
Insert into ASIGNATURA (CCEN,CTIT,CU,NMASG,UDO,CARACTER,GT,GP,CT,CP,NALM,AREA,RESP,COD_ASG) values ('X','2254','1A','Predicción Estructurada Estadística','167','O','2','1','1.5','1','32','0570','676','33988');
Insert into ASIGNATURA (CCEN,CTIT,CU,NMASG,UDO,CARACTER,GT,GP,CT,CP,NALM,AREA,RESP,COD_ASG) values ('G','2274','1A','Big Data/ Minería de Datos Geoespaciales','161','O','1','0','1','0','16','0505','38382','34508');
Insert into ASIGNATURA (CCEN,CTIT,CU,NMASG,UDO,CARACTER,GT,GP,CT,CP,NALM,AREA,RESP,COD_ASG) values ('R','156','4A','Integración e Interoperabilidad','160','O','4','2','3','1.5','83',null,'700','11572');
Insert into ASIGNATURA (CCEN,CTIT,CU,NMASG,UDO,CARACTER,GT,GP,CT,CP,NALM,AREA,RESP,COD_ASG) values ('L','185','1A','Fundamentos de Programación','170','S','2','3','3','3','107','0570','3860','13813');
Insert into ASIGNATURA (CCEN,CTIT,CU,NMASG,UDO,CARACTER,GT,GP,CT,CP,NALM,AREA,RESP,COD_ASG) values ('L','185','4B','Proyectos de Comunicación Interactiva','165','O','1','1','1','2','26','0260','301194','13824');
Insert into ASIGNATURA (CCEN,CTIT,CU,NMASG,UDO,CARACTER,GT,GP,CT,CP,NALM,AREA,RESP,COD_ASG) values ('R','2255','1B','Servicios en la Nube','158','B','2','1','3','1.5','18','0570','174395','34016');
Insert into ASIGNATURA (CCEN,CTIT,CU,NMASG,UDO,CARACTER,GT,GP,CT,CP,NALM,AREA,RESP,COD_ASG) values ('Q','141','3A','Preproducción Interactiva','164','B','1','3','2.5','2','77',null,'36359','10205');
Insert into ASIGNATURA (CCEN,CTIT,CU,NMASG,UDO,CARACTER,GT,GP,CT,CP,NALM,AREA,RESP,COD_ASG) values ('E','161','2A','Programación Informática en Arduino','170','O','1','1','2.25','2.25','28','0570','175065','13670');
Insert into ASIGNATURA (CCEN,CTIT,CU,NMASG,UDO,CARACTER,GT,GP,CT,CP,NALM,AREA,RESP,COD_ASG) values ('D','154','1A','Informática','170','S','5','14','3.6','2.4','316','0570','31657','11404');
Insert into ASIGNATURA (CCEN,CTIT,CU,NMASG,UDO,CARACTER,GT,GP,CT,CP,NALM,AREA,RESP,COD_ASG) values ('J','157','4B','Introducción a la Programación de Videojuegos','163','O','2','1','3','1.5','22','0570','9979','11729');
Insert into ASIGNATURA (CCEN,CTIT,CU,NMASG,UDO,CARACTER,GT,GP,CT,CP,NALM,AREA,RESP,COD_ASG) values ('R','189','2A','Bases de Datos','157','B','3','2','4.5','1.5','62','0570','1992','14026');
Insert into ASIGNATURA (CCEN,CTIT,CU,NMASG,UDO,CARACTER,GT,GP,CT,CP,NALM,AREA,RESP,COD_ASG) values ('X','2276','1B','Plataformas de Gestión de Contenedores (Pgc)','166','O','1','1','1','1','2','0075','10786','34563');
Insert into ASIGNATURA (CCEN,CTIT,CU,NMASG,UDO,CARACTER,GT,GP,CT,CP,NALM,AREA,RESP,COD_ASG) values ('R','2233','1B','Computación de Altas Prestaciones','162','B','2','1','4.5','1.5','25','0075','2749','33434');
Insert into ASIGNATURA (CCEN,CTIT,CU,NMASG,UDO,CARACTER,GT,GP,CT,CP,NALM,AREA,RESP,COD_ASG) values ('X','2253','1A','Ingeniería de Sistemas de Información','168','B','1','1','1','1','25','0570','2543','33970');
Insert into ASIGNATURA (CCEN,CTIT,CU,NMASG,UDO,CARACTER,GT,GP,CT,CP,NALM,AREA,RESP,COD_ASG) values ('R','156','4B','Diseño y Gestión de Sistemas de Información Genómicos','157','O','2','1','3','1.5','12','0570','2543','14104');
Insert into ASIGNATURA (CCEN,CTIT,CU,NMASG,UDO,CARACTER,GT,GP,CT,CP,NALM,AREA,RESP,COD_ASG) values ('X','2254','1B','Reconocimiento de Escritura','167','O','1','1','1','1','11','0570','14051','33978');
Insert into ASIGNATURA (CCEN,CTIT,CU,NMASG,UDO,CARACTER,GT,GP,CT,CP,NALM,AREA,RESP,COD_ASG) values ('X','2276','1A','Conceptos de la Computación en Grid y Cloud (Ccgc)','166','B','1','1','2','2','2','0075','37691','34569');
Insert into ASIGNATURA (CCEN,CTIT,CU,NMASG,UDO,CARACTER,GT,GP,CT,CP,NALM,AREA,RESP,COD_ASG) values ('Q','152','3B','Programación de Dispositivos Móviles','164','O','1','1','2.5','1','14','0570','1133','11321');
Insert into ASIGNATURA (CCEN,CTIT,CU,NMASG,UDO,CARACTER,GT,GP,CT,CP,NALM,AREA,RESP,COD_ASG) values ('R','156','4A','Técnicas, Entornos y Aplicaciones de Inteligencia Artificial','161','O','4','2','3','1.5','74',null,'489','11592');
Insert into ASIGNATURA (CCEN,CTIT,CU,NMASG,UDO,CARACTER,GT,GP,CT,CP,NALM,AREA,RESP,COD_ASG) values ('R','156','3B','Administración de Sistemas','158','O','4','3','3','1.5','98','0570','10650','11611');
Insert into ASIGNATURA (CCEN,CTIT,CU,NMASG,UDO,CARACTER,GT,GP,CT,CP,NALM,AREA,RESP,COD_ASG) values ('X','2254','1B','Agentes de Información, Web Semántica y Recomendación','167','O','2','1','1.5','1','7','0570','20523','33974');
Insert into ASIGNATURA (CCEN,CTIT,CU,NMASG,UDO,CARACTER,GT,GP,CT,CP,NALM,AREA,RESP,COD_ASG) values ('X','2254','1B','Aplicaciones de Reconocimiento de Formas','167','O','2','1','1.5','1','34','0570','174314','33990');
Insert into ASIGNATURA (CCEN,CTIT,CU,NMASG,UDO,CARACTER,GT,GP,CT,CP,NALM,AREA,RESP,COD_ASG) values ('X','2253','1A','Desarrollo de Interfaces Multimodales Avanzadas','168','B','1','1','1.5','1.5','25','0570','10394','33962');
Insert into ASIGNATURA (CCEN,CTIT,CU,NMASG,UDO,CARACTER,GT,GP,CT,CP,NALM,AREA,RESP,COD_ASG) values ('X','2254','1B','Programación Gráfica','167','O','2','1','1.5','1','13','0570','54312','33984');
Insert into ASIGNATURA (CCEN,CTIT,CU,NMASG,UDO,CARACTER,GT,GP,CT,CP,NALM,AREA,RESP,COD_ASG) values ('R','2255','1B','Integración de Aplicaciones en Procesos de Negocio','160','B','2','1','3','1.5','17','0570','175252','34017');
Insert into ASIGNATURA (CCEN,CTIT,CU,NMASG,UDO,CARACTER,GT,GP,CT,CP,NALM,AREA,RESP,COD_ASG) values ('X','2276','1B','Diseño y Arquitectura de Servicios Distribuidos Escalables (Dase)','166','O','1','1','1','1','1','0075','2775','34562');
Insert into ASIGNATURA (CCEN,CTIT,CU,NMASG,UDO,CARACTER,GT,GP,CT,CP,NALM,AREA,RESP,COD_ASG) values ('R','2233','2A','Informática Médica','157','O','2','1','4.5','1.5','10','0570','37691','33417');
Insert into ASIGNATURA (CCEN,CTIT,CU,NMASG,UDO,CARACTER,GT,GP,CT,CP,NALM,AREA,RESP,COD_ASG) values ('X','2253','1B','Emprendimiento en Productos Software','168','O','0','1','0','2','9','0570','10613','33949');
Insert into ASIGNATURA (CCEN,CTIT,CU,NMASG,UDO,CARACTER,GT,GP,CT,CP,NALM,AREA,RESP,COD_ASG) values ('X','2253','1A','Data Science','168','B','2','1','2','1','25','0570','1258','33965');
Insert into ASIGNATURA (CCEN,CTIT,CU,NMASG,UDO,CARACTER,GT,GP,CT,CP,NALM,AREA,RESP,COD_ASG) values ('X','2276','1A','Fundamentos de los Algoritmos Distribuidos (Fad)','166','B','1','1','1','1','2','0075','2746','34577');
Insert into ASIGNATURA (CCEN,CTIT,CU,NMASG,UDO,CARACTER,GT,GP,CT,CP,NALM,AREA,RESP,COD_ASG) values ('X','2254','1B','Interfaces Naturales para Entornos Ubicuos','167','O','1','1','1.5','1.5','5','0570','10394','34533');
Insert into ASIGNATURA (CCEN,CTIT,CU,NMASG,UDO,CARACTER,GT,GP,CT,CP,NALM,AREA,RESP,COD_ASG) values ('R','156','3B','Diseño de Software','160','O','4','2','3','1.5','71','0570','2782','11565');
Insert into ASIGNATURA (CCEN,CTIT,CU,NMASG,UDO,CARACTER,GT,GP,CT,CP,NALM,AREA,RESP,COD_ASG) values ('R','156','4A','Introducción a los Sistemas Gráficos Interactivos','165','O','4','2','4.5','1.5','75',null,'1136','11591');
Insert into ASIGNATURA (CCEN,CTIT,CU,NMASG,UDO,CARACTER,GT,GP,CT,CP,NALM,AREA,RESP,COD_ASG) values ('L','185','2B','Principios Básicos de la Animación','165','B','2','2','1.5','1.5','103',null,'28762','13800');
Insert into ASIGNATURA (CCEN,CTIT,CU,NMASG,UDO,CARACTER,GT,GP,CT,CP,NALM,AREA,RESP,COD_ASG) values ('L','185','4A','Animación 3d','165','O','1','1','1','2','33','0185','361226','13834');
Insert into ASIGNATURA (CCEN,CTIT,CU,NMASG,UDO,CARACTER,GT,GP,CT,CP,NALM,AREA,RESP,COD_ASG) values ('L','185','4A','Desarrollo de Videojuegos','165','O','1','1','3','6','14','0570','10670','13849');
Insert into ASIGNATURA (CCEN,CTIT,CU,NMASG,UDO,CARACTER,GT,GP,CT,CP,NALM,AREA,RESP,COD_ASG) values ('R','189','2B','Seguridad de los Datos','157','B','3','2','1.5','0.5','61','0035','3947','14017');
Insert into ASIGNATURA (CCEN,CTIT,CU,NMASG,UDO,CARACTER,GT,GP,CT,CP,NALM,AREA,RESP,COD_ASG) values ('X','2254','1B','Aprendizaje Automático Avanzado','167','O','2','0','1.5','0','21','0570','1733','33981');
Insert into ASIGNATURA (CCEN,CTIT,CU,NMASG,UDO,CARACTER,GT,GP,CT,CP,NALM,AREA,RESP,COD_ASG) values ('X','2276','1B','Seguridad dn Sistemas Distribuidos (Ssd)','166','O','1','1','1','1','0','0075','2746','34560');
Insert into ASIGNATURA (CCEN,CTIT,CU,NMASG,UDO,CARACTER,GT,GP,CT,CP,NALM,AREA,RESP,COD_ASG) values ('X','2276','5A','Estoy Aquí Para Molestar','166',null,null,null,null,null,null,null,null,'0');
Insert into ASIGNATURA (CCEN,CTIT,CU,NMASG,UDO,CARACTER,GT,GP,CT,CP,NALM,AREA,RESP,COD_ASG) values ('R','189','2B','Modelado Discreto y Teoría de la Información','159','B','3','2','2.25','0.75','63','0595','10','14024');
Insert into ASIGNATURA (CCEN,CTIT,CU,NMASG,UDO,CARACTER,GT,GP,CT,CP,NALM,AREA,RESP,COD_ASG) values ('R','156','4B','Social Web Behaviour & Network Analysis','161','O','2','1','1','0.5','22','0105','174115','14096');
Insert into ASIGNATURA (CCEN,CTIT,CU,NMASG,UDO,CARACTER,GT,GP,CT,CP,NALM,AREA,RESP,COD_ASG) values ('E','142','2B','Desarrollo Web','158','O','1','1','2.25','2.25','25','0570','243','14279');
Insert into ASIGNATURA (CCEN,CTIT,CU,NMASG,UDO,CARACTER,GT,GP,CT,CP,NALM,AREA,RESP,COD_ASG) values ('X','2253','1A','Ingeniería del Software Avanzada','168','B','2','1','2','1','23','0570','1234','33968');
Insert into ASIGNATURA (CCEN,CTIT,CU,NMASG,UDO,CARACTER,GT,GP,CT,CP,NALM,AREA,RESP,COD_ASG) values ('R','156','3A','Análisis de Requisitos de Negocio','157','O','4','4','3','1.5','93','0570','1234','11597');
Insert into ASIGNATURA (CCEN,CTIT,CU,NMASG,UDO,CARACTER,GT,GP,CT,CP,NALM,AREA,RESP,COD_ASG) values ('X','156','3A','Reconocimiento de Formas y Aprendizaje Computacional','167','B','2','2','1.5','0.5','34','0570','2763','33997');
Insert into ASIGNATURA (CCEN,CTIT,CU,NMASG,UDO,CARACTER,GT,GP,CT,CP,NALM,AREA,RESP,COD_ASG) values ('X','156','3A','Técnicas de Inteligencia Artificial','167','B','2','2','1.5','1','34','0570','489','33996');
Insert into ASIGNATURA (CCEN,CTIT,CU,NMASG,UDO,CARACTER,GT,GP,CT,CP,NALM,AREA,RESP,COD_ASG) values ('R','156','3A','Diseño y Gestión de Bases de Datos','157','O','4','4','4.5','1.5','91',null,'1992','11596');
Insert into ASIGNATURA (CCEN,CTIT,CU,NMASG,UDO,CARACTER,GT,GP,CT,CP,NALM,AREA,RESP,COD_ASG) values ('X','156','3A','Laboratorio de Verificación de Sistemas Concurrentes','168','O','0','1','0','2','5','0570','35886','33956');
Insert into ASIGNATURA (CCEN,CTIT,CU,NMASG,UDO,CARACTER,GT,GP,CT,CP,NALM,AREA,RESP,COD_ASG) values ('R','156','3A','Bases de Datos y Sistemas de Información','157','B','16','15','4.5','1.5','402','0570','1992','11548');
Insert into ASIGNATURA (CCEN,CTIT,CU,NMASG,UDO,CARACTER,GT,GP,CT,CP,NALM,AREA,RESP,COD_ASG) values ('X','156','3A','Tecnologías de Gestión de Datos','168','B','1','1','1','1','23','0570','1090','33971');
Insert into ASIGNATURA (CCEN,CTIT,CU,NMASG,UDO,CARACTER,GT,GP,CT,CP,NALM,AREA,RESP,COD_ASG) values ('Q','156','3A','Programación 2','164','B','1','3','3','3','85','0570','25631','11275');
Insert into ASIGNATURA (CCEN,CTIT,CU,NMASG,UDO,CARACTER,GT,GP,CT,CP,NALM,AREA,RESP,COD_ASG) values ('J','156','3A','Fundamentos de Sistemas Operativos','163','B','2','2','4.5','1.5','96','0570','2817','11684');
Insert into ASIGNATURA (CCEN,CTIT,CU,NMASG,UDO,CARACTER,GT,GP,CT,CP,NALM,AREA,RESP,COD_ASG) values ('R','156','3A','Ingeniería del Software','160','B','16','15','4.5','1.5','370','0570','30787','11555');
Insert into ASIGNATURA (CCEN,CTIT,CU,NMASG,UDO,CARACTER,GT,GP,CT,CP,NALM,AREA,RESP,COD_ASG) values ('R','156','3A','Programación','169','S','22','21','4.5','1.5','548','0570','1483','11543');
Insert into ASIGNATURA (CCEN,CTIT,CU,NMASG,UDO,CARACTER,GT,GP,CT,CP,NALM,AREA,RESP,COD_ASG) values ('R','156','3A','Gestión de las Tecnologías de la Información','157','O','4','4','3','1.5','84','0570','11830','11598');
Insert into ASIGNATURA (CCEN,CTIT,CU,NMASG,UDO,CARACTER,GT,GP,CT,CP,NALM,AREA,RESP,COD_ASG) values ('Q','156','3A','Nuevas Tecnologías Aplicadas al Turismo','164','B','2','2','2.25','2.25','54',null,'178826','10128');
Insert into ASIGNATURA (CCEN,CTIT,CU,NMASG,UDO,CARACTER,GT,GP,CT,CP,NALM,AREA,RESP,COD_ASG) values ('R','156','3A','Computación Paralela','162','B','16','15','3','1.5','467','0075','3359','11549');
Insert into ASIGNATURA (CCEN,CTIT,CU,NMASG,UDO,CARACTER,GT,GP,CT,CP,NALM,AREA,RESP,COD_ASG) values ('R','156','3A','Concurrencia y Sistemas Distribuidos','158','B','16','15','4.5','1.5','430','0570','42231','11562');
Insert into ASIGNATURA (CCEN,CTIT,CU,NMASG,UDO,CARACTER,GT,GP,CT,CP,NALM,AREA,RESP,COD_ASG) values ('Q','156','3A','Informática de Gestión','164','B','4','3','3','3','109','0570','178826','10127');
Insert into ASIGNATURA (CCEN,CTIT,CU,NMASG,UDO,CARACTER,GT,GP,CT,CP,NALM,AREA,RESP,COD_ASG) values ('R','156','3A','Estructuras de Datos y Algoritmos','169','B','18','17','4.5','1.5','466','0570','193103','11551');
Insert into ASIGNATURA (CCEN,CTIT,CU,NMASG,UDO,CARACTER,GT,GP,CT,CP,NALM,AREA,RESP,COD_ASG) values ('R','156','3A','Lenguajes, Tecnologías y Paradigmas de la Programación','160','B','16','15','4.5','1.5','480','0570','48664','11557');
Insert into ASIGNATURA (CCEN,CTIT,CU,NMASG,UDO,CARACTER,GT,GP,CT,CP,NALM,AREA,RESP,COD_ASG) values ('R','156','3A','Introducción a la Informática y a la Programación','169','S','22','21','4.5','1.5','543','0570','10115','11541');
Insert into ASIGNATURA (CCEN,CTIT,CU,NMASG,UDO,CARACTER,GT,GP,CT,CP,NALM,AREA,RESP,COD_ASG) values ('R','156','3A','Interfaces Persona Computador','165','B','16','15','3','1.5','400','0570','2806','11556');
Insert into ASIGNATURA (CCEN,CTIT,CU,NMASG,UDO,CARACTER,GT,GP,CT,CP,NALM,AREA,RESP,COD_ASG) values ('R','156','3A','Gestión de Proyectos','160','B','7','14','0.71','0.64','363','0265','2104','11554');
Insert into ASIGNATURA (CCEN,CTIT,CU,NMASG,UDO,CARACTER,GT,GP,CT,CP,NALM,AREA,RESP,COD_ASG) values ('R','156','3A','Teoría de Autómatas y Lenguajes Formales','159','B','16','15','3','1.5','492','0570','10774','11564');
Insert into ASIGNATURA (CCEN,CTIT,CU,NMASG,UDO,CARACTER,GT,GP,CT,CP,NALM,AREA,RESP,COD_ASG) values ('R','156','3A','Sistemas Inteligentes','161','B','16','15','3','1.5','378','0570','2763','11560');
Insert into ASIGNATURA (CCEN,CTIT,CU,NMASG,UDO,CARACTER,GT,GP,CT,CP,NALM,AREA,RESP,COD_ASG) values ('R','156','3A','Sistemas de Información Estratégicos','157','O','4','4','3','1.5','88',null,'1258','11599');
Insert into ASIGNATURA (CCEN,CTIT,CU,NMASG,UDO,CARACTER,GT,GP,CT,CP,NALM,AREA,RESP,COD_ASG) values ('R','156','3A','Tecnología de Sistemas de Información en la Red','158','B','16','15','4.5','1.5','492','0570','1816','11563');
Insert into ASIGNATURA (CCEN,CTIT,CU,NMASG,UDO,CARACTER,GT,GP,CT,CP,NALM,AREA,RESP,COD_ASG) values ('Q','156','3A','Programación 1','164','S','1','3','3','2.6','93','0570','1133','11267');
Insert into ASIGNATURA (CCEN,CTIT,CU,NMASG,UDO,CARACTER,GT,GP,CT,CP,NALM,AREA,RESP,COD_ASG) values ('R','156','3B','Métodos Formales Industriales','160','O','4','2','3','1.5','83','0570','871','11573');
Insert into ASIGNATURA (CCEN,CTIT,CU,NMASG,UDO,CARACTER,GT,GP,CT,CP,NALM,AREA,RESP,COD_ASG) values ('R','2233','1A','Planificación y Dirección de Proyectos de Ti','160','B','2','1','2.25','0.75','23','9996','20523','33416');
Insert into ASIGNATURA (CCEN,CTIT,CU,NMASG,UDO,CARACTER,GT,GP,CT,CP,NALM,AREA,RESP,COD_ASG) values ('X','2253','1A','Análisis y Verificación de Software','168','B','2','0','2.5','0','25','0570','35886','33960');
Insert into ASIGNATURA (CCEN,CTIT,CU,NMASG,UDO,CARACTER,GT,GP,CT,CP,NALM,AREA,RESP,COD_ASG) values ('R','156','3B','Percepción','161','O','4','2','3','1.5','72','0570','33134','11589');
Insert into ASIGNATURA (CCEN,CTIT,CU,NMASG,UDO,CARACTER,GT,GP,CT,CP,NALM,AREA,RESP,COD_ASG) values ('R','189','2A','Estructuras de Datos','169','B','3','2','4.5','1.5','62','0570','16695','14008');
Insert into ASIGNATURA (CCEN,CTIT,CU,NMASG,UDO,CARACTER,GT,GP,CT,CP,NALM,AREA,RESP,COD_ASG) values ('X','2253','1B','Sistemas de Gestión de Emergencias','168','O','1','0','2','0','5','0570','2784','33946');
Insert into ASIGNATURA (CCEN,CTIT,CU,NMASG,UDO,CARACTER,GT,GP,CT,CP,NALM,AREA,RESP,COD_ASG) values ('Q','2154','1B','Postproducción Audiovisual en Tiempo Real','164','O','1','1','2','2','10','0570','791','34756');
Insert into ASIGNATURA (CCEN,CTIT,CU,NMASG,UDO,CARACTER,GT,GP,CT,CP,NALM,AREA,RESP,COD_ASG) values ('L','185','1B','Fundamentos de la Imagen Digital','165','S','2','2','1','1','108',null,'23241','13810');
Insert into ASIGNATURA (CCEN,CTIT,CU,NMASG,UDO,CARACTER,GT,GP,CT,CP,NALM,AREA,RESP,COD_ASG) values ('L','185','3B','Diseño de Videojuegos','165','O','1','1','1','2','26',null,'27936','13835');
Insert into ASIGNATURA (CCEN,CTIT,CU,NMASG,UDO,CARACTER,GT,GP,CT,CP,NALM,AREA,RESP,COD_ASG) values ('R','156','4A','Lenguajes y Entornos de Programación Paralela','162','O','2','2','3','1.5','39',null,'925','11575');
Insert into ASIGNATURA (CCEN,CTIT,CU,NMASG,UDO,CARACTER,GT,GP,CT,CP,NALM,AREA,RESP,COD_ASG) values ('R','156','3B','Tecnología de Bases de Datos','157','O','4','3','3','1.5','118','0570','1090','11612');
Insert into ASIGNATURA (CCEN,CTIT,CU,NMASG,UDO,CARACTER,GT,GP,CT,CP,NALM,AREA,RESP,COD_ASG) values ('R','156','4A','Mantenimiento y Evolución de Software','160','O','4','2','3','1.5','86',null,'1712','11569');
Insert into ASIGNATURA (CCEN,CTIT,CU,NMASG,UDO,CARACTER,GT,GP,CT,CP,NALM,AREA,RESP,COD_ASG) values ('J','157','3B','Tecnología de Bases de Datos','163','O','2','1','3','1.5','16','0570','17336','11715');
Insert into ASIGNATURA (CCEN,CTIT,CU,NMASG,UDO,CARACTER,GT,GP,CT,CP,NALM,AREA,RESP,COD_ASG) values ('R','189','2B','Proyecto II, Integración y Preparación de Datos','157','B','2','2','2','2','62','0570','1258','14020');
Insert into ASIGNATURA (CCEN,CTIT,CU,NMASG,UDO,CARACTER,GT,GP,CT,CP,NALM,AREA,RESP,COD_ASG) values ('X','2253','1B','Extracción de Información desde Lla Red Social','168','O','1','1','0.5','1','20','0570','26586','33952');
Insert into ASIGNATURA (CCEN,CTIT,CU,NMASG,UDO,CARACTER,GT,GP,CT,CP,NALM,AREA,RESP,COD_ASG) values ('X','2276','1A','Conceptos y Métodos de la Computación Paralela (Cmcp)','166','B','1','1','2.4','1.6','2','0075','3359','34570');
Insert into ASIGNATURA (CCEN,CTIT,CU,NMASG,UDO,CARACTER,GT,GP,CT,CP,NALM,AREA,RESP,COD_ASG) values ('Q','186','3B','Inteligencia Artificial','164','B','1','1','3.5','1','25',null,'241506','13931');
Insert into ASIGNATURA (CCEN,CTIT,CU,NMASG,UDO,CARACTER,GT,GP,CT,CP,NALM,AREA,RESP,COD_ASG) values ('R','2233','2A','Logística y Servicios','161','O','2','1','1.98','0.68','15',null,'489','33425');
Insert into ASIGNATURA (CCEN,CTIT,CU,NMASG,UDO,CARACTER,GT,GP,CT,CP,NALM,AREA,RESP,COD_ASG) values ('J','157','4A','Integración de Aplicaciones','163','O','2','1','3','1.5','11','0570','310041','11717');
Insert into ASIGNATURA (CCEN,CTIT,CU,NMASG,UDO,CARACTER,GT,GP,CT,CP,NALM,AREA,RESP,COD_ASG) values ('D','174','1A','Informática','170','S','2','4','3.6','2.4','99',null,'20523','12932');
Insert into ASIGNATURA (CCEN,CTIT,CU,NMASG,UDO,CARACTER,GT,GP,CT,CP,NALM,AREA,RESP,COD_ASG) values ('D','175','4B','Bioinformática','157','O','1','1','0.37','0.13','21',null,'45395','13024');
Insert into ASIGNATURA (CCEN,CTIT,CU,NMASG,UDO,CARACTER,GT,GP,CT,CP,NALM,AREA,RESP,COD_ASG) values ('Q','186','1A','Programación 1','164','S','1','2','3','3','76',null,'1133','13928');
Insert into ASIGNATURA (CCEN,CTIT,CU,NMASG,UDO,CARACTER,GT,GP,CT,CP,NALM,AREA,RESP,COD_ASG) values ('X','2253','1A','Modelos Formales de Computación','168','B','1','0','2','0','24','0570','33117','33967');
Insert into ASIGNATURA (CCEN,CTIT,CU,NMASG,UDO,CARACTER,GT,GP,CT,CP,NALM,AREA,RESP,COD_ASG) values ('X','2254','1A','Reconocimiento Automático del Habla','167','O','2','1','1.5','1','23','0570','1334','33992');
Insert into ASIGNATURA (CCEN,CTIT,CU,NMASG,UDO,CARACTER,GT,GP,CT,CP,NALM,AREA,RESP,COD_ASG) values ('L','185','3B','Programación Web','158','O','1','1','1.5','3','4','0570','791','13848');
Insert into ASIGNATURA (CCEN,CTIT,CU,NMASG,UDO,CARACTER,GT,GP,CT,CP,NALM,AREA,RESP,COD_ASG) values ('R','156','4B','Computación Científica','162','O','2','1','3','1.5','20','0570','3359','11652');
Insert into ASIGNATURA (CCEN,CTIT,CU,NMASG,UDO,CARACTER,GT,GP,CT,CP,NALM,AREA,RESP,COD_ASG) values ('Q','141','3B','Animación en 3d','164','B','1','3','2.5','2','83',null,'11449','10204');
Insert into ASIGNATURA (CCEN,CTIT,CU,NMASG,UDO,CARACTER,GT,GP,CT,CP,NALM,AREA,RESP,COD_ASG) values ('R','156','4A','Edición y Postproducción de Vídeo Digital','165','O','2','1','3','1.5','15','0570','10580','11653');
Insert into ASIGNATURA (CCEN,CTIT,CU,NMASG,UDO,CARACTER,GT,GP,CT,CP,NALM,AREA,RESP,COD_ASG) values ('D','187','1B','Informática','170','S','2','4','3','2.4','99','0570','1357','12267');
Insert into ASIGNATURA (CCEN,CTIT,CU,NMASG,UDO,CARACTER,GT,GP,CT,CP,NALM,AREA,RESP,COD_ASG) values ('Q','141','4B','Efectos Visuales','164','O','1','1','2.5','1.5','42','0570','63619','13443');
Insert into ASIGNATURA (CCEN,CTIT,CU,NMASG,UDO,CARACTER,GT,GP,CT,CP,NALM,AREA,RESP,COD_ASG) values ('G','153','1A','Informática','170','S','3','3','3','3','93','0075','10580','11337');
Insert into ASIGNATURA (CCEN,CTIT,CU,NMASG,UDO,CARACTER,GT,GP,CT,CP,NALM,AREA,RESP,COD_ASG) values ('T','194','1T','Programación','170','S','1','3','6','6','84','0570','3860','14180');
Insert into ASIGNATURA (CCEN,CTIT,CU,NMASG,UDO,CARACTER,GT,GP,CT,CP,NALM,AREA,RESP,COD_ASG) values ('Q','2154','1B','Aplicación de la Composición: Efectos Digitales','164','O','1','1','2','2','19','0570','791','32111');
Insert into ASIGNATURA (CCEN,CTIT,CU,NMASG,UDO,CARACTER,GT,GP,CT,CP,NALM,AREA,RESP,COD_ASG) values ('X','2253','1B','Diseño de Sistemas Ubicuos y Adaptativos','168','O','1','0','2','0','11','0570','44750','33953');
Insert into ASIGNATURA (CCEN,CTIT,CU,NMASG,UDO,CARACTER,GT,GP,CT,CP,NALM,AREA,RESP,COD_ASG) values ('R','2255','1A','Ciberseguridad','158','B','2','1','3','1.5','16','0570','243','34014');
Insert into ASIGNATURA (CCEN,CTIT,CU,NMASG,UDO,CARACTER,GT,GP,CT,CP,NALM,AREA,RESP,COD_ASG) values ('G','2274','1A','Programación para Aplicaciones Geoespaciales','170','B','1','1','1','1','18','0505','22263','34515');
Insert into ASIGNATURA (CCEN,CTIT,CU,NMASG,UDO,CARACTER,GT,GP,CT,CP,NALM,AREA,RESP,COD_ASG) values ('R','156','3B','Calidad de Software','160','O','4','2','3','1.5','77','0570','425226','11568');
Insert into ASIGNATURA (CCEN,CTIT,CU,NMASG,UDO,CARACTER,GT,GP,CT,CP,NALM,AREA,RESP,COD_ASG) values ('R','156','4B','Competición de Programación','169','O','2','1','3','1.5','30','0570','895','11650');
Insert into ASIGNATURA (CCEN,CTIT,CU,NMASG,UDO,CARACTER,GT,GP,CT,CP,NALM,AREA,RESP,COD_ASG) values ('J','157','4A','Desarrollo Centrado en el Usuario','163','O','2','1','3','1.5','9','0570','256043','11716');
Insert into ASIGNATURA (CCEN,CTIT,CU,NMASG,UDO,CARACTER,GT,GP,CT,CP,NALM,AREA,RESP,COD_ASG) values ('R','189','1B','Programación','169','S','4','2','4.5','1.5','84','0570','16695','14003');
Insert into ASIGNATURA (CCEN,CTIT,CU,NMASG,UDO,CARACTER,GT,GP,CT,CP,NALM,AREA,RESP,COD_ASG) values ('D','2269','1A','Analysis of Genomic Data','157','O','1','1','3','1.5','9','0570','2543','34381');
Insert into ASIGNATURA (CCEN,CTIT,CU,NMASG,UDO,CARACTER,GT,GP,CT,CP,NALM,AREA,RESP,COD_ASG) values ('Q','186','2A','Aplicaciones para Dispositivos Móviles','164','B','0','2','0','1','36','0560','1296','13930');
Insert into ASIGNATURA (CCEN,CTIT,CU,NMASG,UDO,CARACTER,GT,GP,CT,CP,NALM,AREA,RESP,COD_ASG) values ('X','2253','1B','Ingeniería del Lenguaje Natural','168','O','1','1','1','0.8','18','0570','2104','33951');
Insert into ASIGNATURA (CCEN,CTIT,CU,NMASG,UDO,CARACTER,GT,GP,CT,CP,NALM,AREA,RESP,COD_ASG) values ('X','2254','1A','Gráficos por Computador','167','B','2','2','1.5','1','32','0570','380','33994');
Insert into ASIGNATURA (CCEN,CTIT,CU,NMASG,UDO,CARACTER,GT,GP,CT,CP,NALM,AREA,RESP,COD_ASG) values ('R','156','4A','Análisis, Validación y Depuración de Software','160','O','4','2','3','1.5','80',null,'35886','11566');
Insert into ASIGNATURA (CCEN,CTIT,CU,NMASG,UDO,CARACTER,GT,GP,CT,CP,NALM,AREA,RESP,COD_ASG) values ('R','156','4A','Introducción a la Programación de Videojuegos','165','O','2','1','3','1.5','31','0570','10670','11645');
Insert into ASIGNATURA (CCEN,CTIT,CU,NMASG,UDO,CARACTER,GT,GP,CT,CP,NALM,AREA,RESP,COD_ASG) values ('R','156','4A','Criptografía','159','O','2','1','3','1.5','33','0570','10774','11649');
Insert into ASIGNATURA (CCEN,CTIT,CU,NMASG,UDO,CARACTER,GT,GP,CT,CP,NALM,AREA,RESP,COD_ASG) values ('Q','186','2A','Proyecto Internet de las Cosas y Aplicaciones Móviles','164','B','1','2','1.6','2.2','40','0800','1296','13950');
Insert into ASIGNATURA (CCEN,CTIT,CU,NMASG,UDO,CARACTER,GT,GP,CT,CP,NALM,AREA,RESP,COD_ASG) values ('R','2233','2A','Inteligencia Ambiental','160','O','2','1','2.25','0.75','11',null,'44750','33426');
Insert into ASIGNATURA (CCEN,CTIT,CU,NMASG,UDO,CARACTER,GT,GP,CT,CP,NALM,AREA,RESP,COD_ASG) values ('R','2233','1B','Aplicaciones Gráficas y Multimedia','165','B','2','1','4.5','1.5','26','0570','380','33432');
Insert into ASIGNATURA (CCEN,CTIT,CU,NMASG,UDO,CARACTER,GT,GP,CT,CP,NALM,AREA,RESP,COD_ASG) values ('X','2276','1B','Algoritmos Paralelos en Procesamiento de Señal (Apps)','166','O','1','1','1','1','2','0075','2749','34566');
Insert into ASIGNATURA (CCEN,CTIT,CU,NMASG,UDO,CARACTER,GT,GP,CT,CP,NALM,AREA,RESP,COD_ASG) values ('X','2276','1A','Herramientas de Computación de Altas Prestaciones (Hcap)','166','B','1','1','2','2','3','0075','2749','34571');
Insert into ASIGNATURA (CCEN,CTIT,CU,NMASG,UDO,CARACTER,GT,GP,CT,CP,NALM,AREA,RESP,COD_ASG) values ('X','2254','1B','Planificación de Sistemas Inteligentes de Tiempo Real','167','O','2','1','1.5','1','7','0570','3051','33976');
Insert into ASIGNATURA (CCEN,CTIT,CU,NMASG,UDO,CARACTER,GT,GP,CT,CP,NALM,AREA,RESP,COD_ASG) values ('X','2197','1B','Narratividad y Videojuegos','165','B','0','1','0','3','18','0260','493','33156');
Insert into ASIGNATURA (CCEN,CTIT,CU,NMASG,UDO,CARACTER,GT,GP,CT,CP,NALM,AREA,RESP,COD_ASG) values ('R','2233','1B','Sistemas Inteligentes','161','B','2','1','4.5','1.5','23','0570','1733','33436');
Insert into ASIGNATURA (CCEN,CTIT,CU,NMASG,UDO,CARACTER,GT,GP,CT,CP,NALM,AREA,RESP,COD_ASG) values ('X','2254','1B','Aplicaciones de la Lingüística Computacional','167','O','2','1','1.5','1','24','0570','268','33993');
Insert into ASIGNATURA (CCEN,CTIT,CU,NMASG,UDO,CARACTER,GT,GP,CT,CP,NALM,AREA,RESP,COD_ASG) values ('L','185','3A','Diseño de Interfaz de Usuario','165','O','1','1','1.25','2.75','29','0690','294755','13836');

Insert into DOCENCIA (GTP,GPP,NIP,COD_ASG) values ('0','3','1234','11556');
Insert into DOCENCIA (GTP,GPP,NIP,COD_ASG) values ('0','1','25597','12267');
Insert into DOCENCIA (GTP,GPP,NIP,COD_ASG) values ('0','4','877','13040');
Insert into DOCENCIA (GTP,GPP,NIP,COD_ASG) values ('0','1','23334','11474');
Insert into DOCENCIA (GTP,GPP,NIP,COD_ASG) values ('0','1','791','33154');
Insert into DOCENCIA (GTP,GPP,NIP,COD_ASG) values ('0','1','16695','11593');
Insert into DOCENCIA (GTP,GPP,NIP,COD_ASG) values ('0','2','11234','11557');
Insert into DOCENCIA (GTP,GPP,NIP,COD_ASG) values ('0','6','2201','11557');
Insert into DOCENCIA (GTP,GPP,NIP,COD_ASG) values ('0','1','23334','11337');
Insert into DOCENCIA (GTP,GPP,NIP,COD_ASG) values ('0','1','33134','33990');
Insert into DOCENCIA (GTP,GPP,NIP,COD_ASG) values ('0','2','1818','11267');
Insert into DOCENCIA (GTP,GPP,NIP,COD_ASG) values ('0','1','9594','11560');
Insert into DOCENCIA (GTP,GPP,NIP,COD_ASG) values ('0','1','1693','33957');
Insert into DOCENCIA (GTP,GPP,NIP,COD_ASG) values ('0','1','2343','11404');
Insert into DOCENCIA (GTP,GPP,NIP,COD_ASG) values ('0','2','1344','11404');
Insert into DOCENCIA (GTP,GPP,NIP,COD_ASG) values ('0','2','1237','11404');
Insert into DOCENCIA (GTP,GPP,NIP,COD_ASG) values ('0','2','1296','13930');
Insert into DOCENCIA (GTP,GPP,NIP,COD_ASG) values ('0','2','9140','11562');
Insert into DOCENCIA (GTP,GPP,NIP,COD_ASG) values ('0','1','310025','33154');
Insert into DOCENCIA (GTP,GPP,NIP,COD_ASG) values ('0','7','193103','11557');
Insert into DOCENCIA (GTP,GPP,NIP,COD_ASG) values ('0','2','3860','14180');
Insert into DOCENCIA (GTP,GPP,NIP,COD_ASG) values ('0','1','2345','14180');
Insert into DOCENCIA (GTP,GPP,NIP,COD_ASG) values ('0','1','63619','11267');
Insert into DOCENCIA (GTP,GPP,NIP,COD_ASG) values ('0','6','1712','11555');
Insert into DOCENCIA (GTP,GPP,NIP,COD_ASG) values ('0','1','3231','12932');
Insert into DOCENCIA (GTP,GPP,NIP,COD_ASG) values ('0','1','31657','12932');
Insert into DOCENCIA (GTP,GPP,NIP,COD_ASG) values ('0','1','3231','11404');
Insert into DOCENCIA (GTP,GPP,NIP,COD_ASG) values ('0','2','10','14024');
Insert into DOCENCIA (GTP,GPP,NIP,COD_ASG) values ('0','1','175252','11613');
Insert into DOCENCIA (GTP,GPP,NIP,COD_ASG) values ('0','1','10670','33156');
Insert into DOCENCIA (GTP,GPP,NIP,COD_ASG) values ('0','1','33414','12564');
Insert into DOCENCIA (GTP,GPP,NIP,COD_ASG) values ('0','1','3167','14180');
Insert into DOCENCIA (GTP,GPP,NIP,COD_ASG) values ('0','2','241506','13919');
Insert into DOCENCIA (GTP,GPP,NIP,COD_ASG) values ('0','1','1733','33988');
Insert into DOCENCIA (GTP,GPP,NIP,COD_ASG) values ('0','1','8666','11404');
Insert into DOCENCIA (GTP,GPP,NIP,COD_ASG) values ('0','1','33134','11543');
Insert into DOCENCIA (GTP,GPP,NIP,COD_ASG) values ('0','1','10670','33422');
Insert into DOCENCIA (GTP,GPP,NIP,COD_ASG) values ('0','2','9140','12564');
Insert into DOCENCIA (GTP,GPP,NIP,COD_ASG) values ('0','1','3860','12001');
Insert into DOCENCIA (GTP,GPP,NIP,COD_ASG) values ('0','1','25597','12491');
Insert into DOCENCIA (GTP,GPP,NIP,COD_ASG) values ('0','2','174314','11594');
Insert into DOCENCIA (GTP,GPP,NIP,COD_ASG) values ('0','2','1296','13950');
Insert into DOCENCIA (GTP,GPP,NIP,COD_ASG) values ('0','3','2383','11551');
Insert into DOCENCIA (GTP,GPP,NIP,COD_ASG) values ('0','2','19218','13045');
Insert into DOCENCIA (GTP,GPP,NIP,COD_ASG) values ('0','1','676','11551');
Insert into DOCENCIA (GTP,GPP,NIP,COD_ASG) values ('0','1','2347','33993');
Insert into DOCENCIA (GTP,GPP,NIP,COD_ASG) values ('0','1','11789','12564');
Insert into DOCENCIA (GTP,GPP,NIP,COD_ASG) values ('0','1','12358','13953');
Insert into DOCENCIA (GTP,GPP,NIP,COD_ASG) values ('0','2','25631','13930');
Insert into DOCENCIA (GTP,GPP,NIP,COD_ASG) values ('0','1','23241','13810');
Insert into DOCENCIA (GTP,GPP,NIP,COD_ASG) values ('0','2','3231','11549');
Insert into DOCENCIA (GTP,GPP,NIP,COD_ASG) values ('0','1','10613','33949');
Insert into DOCENCIA (GTP,GPP,NIP,COD_ASG) values ('0','1','2806','11612');
Insert into DOCENCIA (GTP,GPP,NIP,COD_ASG) values ('0','4','2104','11554');
Insert into DOCENCIA (GTP,GPP,NIP,COD_ASG) values ('0','1','361226','13834');
Insert into DOCENCIA (GTP,GPP,NIP,COD_ASG) values ('0','1','11037','33992');
Insert into DOCENCIA (GTP,GPP,NIP,COD_ASG) values ('0','2','46607','11563');
Insert into DOCENCIA (GTP,GPP,NIP,COD_ASG) values ('0','1','1212','33150');
Insert into DOCENCIA (GTP,GPP,NIP,COD_ASG) values ('0','1','23002','14026');
Insert into DOCENCIA (GTP,GPP,NIP,COD_ASG) values ('0','1','5089','13802');
Insert into DOCENCIA (GTP,GPP,NIP,COD_ASG) values ('0','3','33414','11549');
Insert into DOCENCIA (GTP,GPP,NIP,COD_ASG) values ('0','2','33117','11573');
Insert into DOCENCIA (GTP,GPP,NIP,COD_ASG) values ('0','1','33117','33955');
Insert into DOCENCIA (GTP,GPP,NIP,COD_ASG) values ('0','2','63619','13928');
Insert into DOCENCIA (GTP,GPP,NIP,COD_ASG) values ('0','2','25631','11275');
Insert into DOCENCIA (GTP,GPP,NIP,COD_ASG) values ('0','1','63619','13929');
Insert into DOCENCIA (GTP,GPP,NIP,COD_ASG) values ('0','2','33134','11560');
Insert into DOCENCIA (GTP,GPP,NIP,COD_ASG) values ('0','2','1234','11555');
Insert into DOCENCIA (GTP,GPP,NIP,COD_ASG) values ('0','1','22263','34515');
Insert into DOCENCIA (GTP,GPP,NIP,COD_ASG) values ('0','1','10670','13813');
Insert into DOCENCIA (GTP,GPP,NIP,COD_ASG) values ('0','1','35886','33956');
Insert into DOCENCIA (GTP,GPP,NIP,COD_ASG) values ('0','1','27936','13835');
Insert into DOCENCIA (GTP,GPP,NIP,COD_ASG) values ('0','1','3167','12267');
Insert into DOCENCIA (GTP,GPP,NIP,COD_ASG) values ('0','1','102','11563');
Insert into DOCENCIA (GTP,GPP,NIP,COD_ASG) values ('0','2','175252','11596');
Insert into DOCENCIA (GTP,GPP,NIP,COD_ASG) values ('0','3','3231','12491');
Insert into DOCENCIA (GTP,GPP,NIP,COD_ASG) values ('0','1','241506','13953');
Insert into DOCENCIA (GTP,GPP,NIP,COD_ASG) values ('0','2','3231','12139');
Insert into DOCENCIA (GTP,GPP,NIP,COD_ASG) values ('1','3','36359','10205');
Insert into DOCENCIA (GTP,GPP,NIP,COD_ASG) values ('1','0','15819','11404');
Insert into DOCENCIA (GTP,GPP,NIP,COD_ASG) values ('2','0','895','11541');
Insert into DOCENCIA (GTP,GPP,NIP,COD_ASG) values ('2','2','1539','11541');
Insert into DOCENCIA (GTP,GPP,NIP,COD_ASG) values ('2','4','10115','11541');
Insert into DOCENCIA (GTP,GPP,NIP,COD_ASG) values ('4','4','1483','11543');
Insert into DOCENCIA (GTP,GPP,NIP,COD_ASG) values ('2','3','9140','11549');
Insert into DOCENCIA (GTP,GPP,NIP,COD_ASG) values ('2','2','2784','11555');
Insert into DOCENCIA (GTP,GPP,NIP,COD_ASG) values ('2','0','11661','11555');
Insert into DOCENCIA (GTP,GPP,NIP,COD_ASG) values ('2','0','30787','11555');
Insert into DOCENCIA (GTP,GPP,NIP,COD_ASG) values ('6','0','48664','11557');
Insert into DOCENCIA (GTP,GPP,NIP,COD_ASG) values ('2','2','489','11560');
Insert into DOCENCIA (GTP,GPP,NIP,COD_ASG) values ('2','0','15819','11560');
Insert into DOCENCIA (GTP,GPP,NIP,COD_ASG) values ('2','2','1873','11564');
Insert into DOCENCIA (GTP,GPP,NIP,COD_ASG) values ('2','3','2359','11564');
Insert into DOCENCIA (GTP,GPP,NIP,COD_ASG) values ('2','1','2784','11571');
Insert into DOCENCIA (GTP,GPP,NIP,COD_ASG) values ('4','0','700','11572');
Insert into DOCENCIA (GTP,GPP,NIP,COD_ASG) values ('4','2','1234','11572');
Insert into DOCENCIA (GTP,GPP,NIP,COD_ASG) values ('2','1','879','11586');
Insert into DOCENCIA (GTP,GPP,NIP,COD_ASG) values ('2','0','392','11587');
Insert into DOCENCIA (GTP,GPP,NIP,COD_ASG) values ('4','4','1234','11597');
Insert into DOCENCIA (GTP,GPP,NIP,COD_ASG) values ('2','2','44750','11614');
Insert into DOCENCIA (GTP,GPP,NIP,COD_ASG) values ('2','0','1873','11649');
Insert into DOCENCIA (GTP,GPP,NIP,COD_ASG) values ('2','1','17336','11715');
Insert into DOCENCIA (GTP,GPP,NIP,COD_ASG) values ('2','1','310041','11717');
Insert into DOCENCIA (GTP,GPP,NIP,COD_ASG) values ('1','1','8666','13824');
Insert into DOCENCIA (GTP,GPP,NIP,COD_ASG) values ('1','1','54312','13849');
Insert into DOCENCIA (GTP,GPP,NIP,COD_ASG) values ('1','0','1133','13928');
Insert into DOCENCIA (GTP,GPP,NIP,COD_ASG) values ('1','2','25631','13950');
Insert into DOCENCIA (GTP,GPP,NIP,COD_ASG) values ('1','1','1133','13952');
Insert into DOCENCIA (GTP,GPP,NIP,COD_ASG) values ('2','1','21560','14002');
Insert into DOCENCIA (GTP,GPP,NIP,COD_ASG) values ('2','1','54312','14101');
Insert into DOCENCIA (GTP,GPP,NIP,COD_ASG) values ('1','1','243','14279');
Insert into DOCENCIA (GTP,GPP,NIP,COD_ASG) values ('2','1','44750','33426');
Insert into DOCENCIA (GTP,GPP,NIP,COD_ASG) values ('2','1','38691','33433');
Insert into DOCENCIA (GTP,GPP,NIP,COD_ASG) values ('2','0','2641','33434');
Insert into DOCENCIA (GTP,GPP,NIP,COD_ASG) values ('2','1','11695','33436');
Insert into DOCENCIA (GTP,GPP,NIP,COD_ASG) values ('1','0','2784','33946');
Insert into DOCENCIA (GTP,GPP,NIP,COD_ASG) values ('2','0','35886','33960');
Insert into DOCENCIA (GTP,GPP,NIP,COD_ASG) values ('2','0','1693','33961');
Insert into DOCENCIA (GTP,GPP,NIP,COD_ASG) values ('1','1','676','33988');
Insert into DOCENCIA (GTP,GPP,NIP,COD_ASG) values ('2','1','268','33993');
Insert into DOCENCIA (GTP,GPP,NIP,COD_ASG) values ('1','1','2749','34567');
Insert into DOCENCIA (GTP,GPP,NIP,COD_ASG) values ('1','1','37691','34569');
Insert into DOCENCIA (GTP,GPP,NIP,COD_ASG) values ('1','1','3359','34570');
Insert into DOCENCIA (GTP,GPP,NIP,COD_ASG) values ('1','1','1133','11321');
Insert into DOCENCIA (GTP,GPP,NIP,COD_ASG) values ('1','1','2641','11404');
Insert into DOCENCIA (GTP,GPP,NIP,COD_ASG) values ('2','4','1092','11541');
Insert into DOCENCIA (GTP,GPP,NIP,COD_ASG) values ('4','3','748','11543');
Insert into DOCENCIA (GTP,GPP,NIP,COD_ASG) values ('2','0','11830','11543');
Insert into DOCENCIA (GTP,GPP,NIP,COD_ASG) values ('2','2','1357','11548');
Insert into DOCENCIA (GTP,GPP,NIP,COD_ASG) values ('2','1','2641','11549');
Insert into DOCENCIA (GTP,GPP,NIP,COD_ASG) values ('4','6','1092','11551');
Insert into DOCENCIA (GTP,GPP,NIP,COD_ASG) values ('2','0','1334','11551');
Insert into DOCENCIA (GTP,GPP,NIP,COD_ASG) values ('2','2','1627','11551');
Insert into DOCENCIA (GTP,GPP,NIP,COD_ASG) values ('4','0','33117','11555');
Insert into DOCENCIA (GTP,GPP,NIP,COD_ASG) values ('4','3','2806','11556');
Insert into DOCENCIA (GTP,GPP,NIP,COD_ASG) values ('3','0','284475','11570');
Insert into DOCENCIA (GTP,GPP,NIP,COD_ASG) values ('2','2','174395','11575');
Insert into DOCENCIA (GTP,GPP,NIP,COD_ASG) values ('4','4','1258','11599');
Insert into DOCENCIA (GTP,GPP,NIP,COD_ASG) values ('4','3','243','11610');
Insert into DOCENCIA (GTP,GPP,NIP,COD_ASG) values ('2','1','10670','11645');
Insert into DOCENCIA (GTP,GPP,NIP,COD_ASG) values ('1','0','11789','11648');
Insert into DOCENCIA (GTP,GPP,NIP,COD_ASG) values ('1','1','25597','12001');
Insert into DOCENCIA (GTP,GPP,NIP,COD_ASG) values ('1','3','37691','12139');
Insert into DOCENCIA (GTP,GPP,NIP,COD_ASG) values ('1','1','31657','12267');
Insert into DOCENCIA (GTP,GPP,NIP,COD_ASG) values ('1','1','2347','12564');
Insert into DOCENCIA (GTP,GPP,NIP,COD_ASG) values ('1','2','16695','12564');
Insert into DOCENCIA (GTP,GPP,NIP,COD_ASG) values ('1','0','175065','12564');
Insert into DOCENCIA (GTP,GPP,NIP,COD_ASG) values ('1','3','2641','12803');
Insert into DOCENCIA (GTP,GPP,NIP,COD_ASG) values ('1','1','20523','13437');
Insert into DOCENCIA (GTP,GPP,NIP,COD_ASG) values ('2','2','1136','13800');
Insert into DOCENCIA (GTP,GPP,NIP,COD_ASG) values ('2','2','791','13802');
Insert into DOCENCIA (GTP,GPP,NIP,COD_ASG) values ('1','1','3860','13813');
Insert into DOCENCIA (GTP,GPP,NIP,COD_ASG) values ('2','1','2383','14002');
Insert into DOCENCIA (GTP,GPP,NIP,COD_ASG) values ('3','2','16695','14008');
Insert into DOCENCIA (GTP,GPP,NIP,COD_ASG) values ('2','2','26586','14020');
Insert into DOCENCIA (GTP,GPP,NIP,COD_ASG) values ('2','1','1090','14026');
Insert into DOCENCIA (GTP,GPP,NIP,COD_ASG) values ('2','1','2543','14104');
Insert into DOCENCIA (GTP,GPP,NIP,COD_ASG) values ('2','1','20523','33416');
Insert into DOCENCIA (GTP,GPP,NIP,COD_ASG) values ('2','1','2343','33417');
Insert into DOCENCIA (GTP,GPP,NIP,COD_ASG) values ('2','1','30787','33436');
Insert into DOCENCIA (GTP,GPP,NIP,COD_ASG) values ('1','0','33117','33967');
Insert into DOCENCIA (GTP,GPP,NIP,COD_ASG) values ('1','0','284475','33969');
Insert into DOCENCIA (GTP,GPP,NIP,COD_ASG) values ('2','1','20523','33974');
Insert into DOCENCIA (GTP,GPP,NIP,COD_ASG) values ('2','1','1004','33975');
Insert into DOCENCIA (GTP,GPP,NIP,COD_ASG) values ('2','0','1004','33979');
Insert into DOCENCIA (GTP,GPP,NIP,COD_ASG) values ('2','1','1136','33980');
Insert into DOCENCIA (GTP,GPP,NIP,COD_ASG) values ('2','1','1334','33992');
Insert into DOCENCIA (GTP,GPP,NIP,COD_ASG) values ('1','1','10394','34533');
Insert into DOCENCIA (GTP,GPP,NIP,COD_ASG) values ('3','2','46607','10601');
Insert into DOCENCIA (GTP,GPP,NIP,COD_ASG) values ('1','0','1133','11275');
Insert into DOCENCIA (GTP,GPP,NIP,COD_ASG) values ('1','3','11449','11404');
Insert into DOCENCIA (GTP,GPP,NIP,COD_ASG) values ('2','0','2347','11548');
Insert into DOCENCIA (GTP,GPP,NIP,COD_ASG) values ('2','1','11037','11548');
Insert into DOCENCIA (GTP,GPP,NIP,COD_ASG) values ('4','1','193103','11551');
Insert into DOCENCIA (GTP,GPP,NIP,COD_ASG) values ('2','3','42186','11555');
Insert into DOCENCIA (GTP,GPP,NIP,COD_ASG) values ('2','0','44750','11555');
Insert into DOCENCIA (GTP,GPP,NIP,COD_ASG) values ('4','0','748','11557');
Insert into DOCENCIA (GTP,GPP,NIP,COD_ASG) values ('2','2','392','11560');
Insert into DOCENCIA (GTP,GPP,NIP,COD_ASG) values ('4','3','3051','11562');
Insert into DOCENCIA (GTP,GPP,NIP,COD_ASG) values ('2','2','2746','11563');
Insert into DOCENCIA (GTP,GPP,NIP,COD_ASG) values ('2','0','193103','11563');
Insert into DOCENCIA (GTP,GPP,NIP,COD_ASG) values ('4','4','879','11564');
Insert into DOCENCIA (GTP,GPP,NIP,COD_ASG) values ('6','5','1237','11564');
Insert into DOCENCIA (GTP,GPP,NIP,COD_ASG) values ('2','2','2483','11567');
Insert into DOCENCIA (GTP,GPP,NIP,COD_ASG) values ('4','2','1712','11569');
Insert into DOCENCIA (GTP,GPP,NIP,COD_ASG) values ('4','2','237338','11574');
Insert into DOCENCIA (GTP,GPP,NIP,COD_ASG) values ('2','2','925','11575');
Insert into DOCENCIA (GTP,GPP,NIP,COD_ASG) values ('2','0','33134','11589');
Insert into DOCENCIA (GTP,GPP,NIP,COD_ASG) values ('2','1','676','11590');
Insert into DOCENCIA (GTP,GPP,NIP,COD_ASG) values ('2','1','1992','11596');
Insert into DOCENCIA (GTP,GPP,NIP,COD_ASG) values ('2','2','10650','11611');
Insert into DOCENCIA (GTP,GPP,NIP,COD_ASG) values ('1','1','46607','11648');
Insert into DOCENCIA (GTP,GPP,NIP,COD_ASG) values ('2','2','2817','11684');
Insert into DOCENCIA (GTP,GPP,NIP,COD_ASG) values ('1','1','25597','12139');
Insert into DOCENCIA (GTP,GPP,NIP,COD_ASG) values ('1','1','1357','12267');
Insert into DOCENCIA (GTP,GPP,NIP,COD_ASG) values ('1','3','1344','12803');
Insert into DOCENCIA (GTP,GPP,NIP,COD_ASG) values ('1','1','36359','13632');
Insert into DOCENCIA (GTP,GPP,NIP,COD_ASG) values ('1','1','38691','13836');
Insert into DOCENCIA (GTP,GPP,NIP,COD_ASG) values ('1','1','10670','13849');
Insert into DOCENCIA (GTP,GPP,NIP,COD_ASG) values ('2','1','9260','14003');
Insert into DOCENCIA (GTP,GPP,NIP,COD_ASG) values ('2','2','1258','14020');
Insert into DOCENCIA (GTP,GPP,NIP,COD_ASG) values ('2','1','1992','14026');
Insert into DOCENCIA (GTP,GPP,NIP,COD_ASG) values ('1','2','1090','14027');
Insert into DOCENCIA (GTP,GPP,NIP,COD_ASG) values ('2','1','37691','33417');
Insert into DOCENCIA (GTP,GPP,NIP,COD_ASG) values ('2','1','10786','33434');
Insert into DOCENCIA (GTP,GPP,NIP,COD_ASG) values ('1','0','1712','33948');
Insert into DOCENCIA (GTP,GPP,NIP,COD_ASG) values ('1','1','2104','33951');
Insert into DOCENCIA (GTP,GPP,NIP,COD_ASG) values ('1','1','871','33955');
Insert into DOCENCIA (GTP,GPP,NIP,COD_ASG) values ('1','1','10394','33962');
Insert into DOCENCIA (GTP,GPP,NIP,COD_ASG) values ('2','1','1234','33968');
Insert into DOCENCIA (GTP,GPP,NIP,COD_ASG) values ('2','0','383','33988');
Insert into DOCENCIA (GTP,GPP,NIP,COD_ASG) values ('2','0','174314','33990');
Insert into DOCENCIA (GTP,GPP,NIP,COD_ASG) values ('2','1','425','33991');
Insert into DOCENCIA (GTP,GPP,NIP,COD_ASG) values ('2','0','2359','33995');
Insert into DOCENCIA (GTP,GPP,NIP,COD_ASG) values ('2','1','175252','34017');
Insert into DOCENCIA (GTP,GPP,NIP,COD_ASG) values ('1','1','791','34756');
Insert into DOCENCIA (GTP,GPP,NIP,COD_ASG) values ('4','3','178826','10127');
Insert into DOCENCIA (GTP,GPP,NIP,COD_ASG) values ('3','2','10580','11337');
Insert into DOCENCIA (GTP,GPP,NIP,COD_ASG) values ('1','2','3167','11474');
Insert into DOCENCIA (GTP,GPP,NIP,COD_ASG) values ('1','1','15819','11474');
Insert into DOCENCIA (GTP,GPP,NIP,COD_ASG) values ('2','6','10613','11541');
Insert into DOCENCIA (GTP,GPP,NIP,COD_ASG) values ('2','2','2383','11543');
Insert into DOCENCIA (GTP,GPP,NIP,COD_ASG) values ('2','0','925','11549');
Insert into DOCENCIA (GTP,GPP,NIP,COD_ASG) values ('2','2','10786','11549');
Insert into DOCENCIA (GTP,GPP,NIP,COD_ASG) values ('2','0','11830','11549');
Insert into DOCENCIA (GTP,GPP,NIP,COD_ASG) values ('4','3','46607','11556');
Insert into DOCENCIA (GTP,GPP,NIP,COD_ASG) values ('2','0','383','11560');
Insert into DOCENCIA (GTP,GPP,NIP,COD_ASG) values ('2','4','1733','11560');
Insert into DOCENCIA (GTP,GPP,NIP,COD_ASG) values ('4','4','1816','11562');
Insert into DOCENCIA (GTP,GPP,NIP,COD_ASG) values ('4','3','42231','11562');
Insert into DOCENCIA (GTP,GPP,NIP,COD_ASG) values ('4','1','879','11563');
Insert into DOCENCIA (GTP,GPP,NIP,COD_ASG) values ('4','2','35886','11566');
Insert into DOCENCIA (GTP,GPP,NIP,COD_ASG) values ('4','0','871','11573');
Insert into DOCENCIA (GTP,GPP,NIP,COD_ASG) values ('2','0','1627','11588');
Insert into DOCENCIA (GTP,GPP,NIP,COD_ASG) values ('2','2','11037','11588');
Insert into DOCENCIA (GTP,GPP,NIP,COD_ASG) values ('2','1','489','11592');
Insert into DOCENCIA (GTP,GPP,NIP,COD_ASG) values ('2','1','1539','11611');
Insert into DOCENCIA (GTP,GPP,NIP,COD_ASG) values ('1','1','9140','12491');
Insert into DOCENCIA (GTP,GPP,NIP,COD_ASG) values ('1','1','25597','12564');
Insert into DOCENCIA (GTP,GPP,NIP,COD_ASG) values ('2','4','2543','13045');
Insert into DOCENCIA (GTP,GPP,NIP,COD_ASG) values ('1','1','175065','13670');
Insert into DOCENCIA (GTP,GPP,NIP,COD_ASG) values ('1','1','1136','13840');
Insert into DOCENCIA (GTP,GPP,NIP,COD_ASG) values ('2','1','16695','14003');
Insert into DOCENCIA (GTP,GPP,NIP,COD_ASG) values ('2','0','1992','14027');
Insert into DOCENCIA (GTP,GPP,NIP,COD_ASG) values ('2','1','380','33432');
Insert into DOCENCIA (GTP,GPP,NIP,COD_ASG) values ('2','1','1136','33432');
Insert into DOCENCIA (GTP,GPP,NIP,COD_ASG) values ('2','1','2749','33434');
Insert into DOCENCIA (GTP,GPP,NIP,COD_ASG) values ('1','1','102','33435');
Insert into DOCENCIA (GTP,GPP,NIP,COD_ASG) values ('1','0','2201','33960');
Insert into DOCENCIA (GTP,GPP,NIP,COD_ASG) values ('1','1','871','33966');
Insert into DOCENCIA (GTP,GPP,NIP,COD_ASG) values ('1','1','14051','33978');
Insert into DOCENCIA (GTP,GPP,NIP,COD_ASG) values ('2','1','700','34005');
Insert into DOCENCIA (GTP,GPP,NIP,COD_ASG) values ('2','1','26586','34011');
Insert into DOCENCIA (GTP,GPP,NIP,COD_ASG) values ('2','1','174395','34016');
Insert into DOCENCIA (GTP,GPP,NIP,COD_ASG) values ('1','1','1818','34565');
Insert into DOCENCIA (GTP,GPP,NIP,COD_ASG) values ('1','1','2749','34571');
Insert into DOCENCIA (GTP,GPP,NIP,COD_ASG) values ('1','1','1818','34573');
Insert into DOCENCIA (GTP,GPP,NIP,COD_ASG) values ('1','1','1133','34575');
Insert into DOCENCIA (GTP,GPP,NIP,COD_ASG) values ('1','1','2746','34577');
Insert into DOCENCIA (GTP,GPP,NIP,COD_ASG) values ('1','2','3167','10269');
Insert into DOCENCIA (GTP,GPP,NIP,COD_ASG) values ('1','2','468128','10269');
Insert into DOCENCIA (GTP,GPP,NIP,COD_ASG) values ('3','2','10772','10601');
Insert into DOCENCIA (GTP,GPP,NIP,COD_ASG) values ('2','0','35886','11541');
Insert into DOCENCIA (GTP,GPP,NIP,COD_ASG) values ('2','2','42231','11541');
Insert into DOCENCIA (GTP,GPP,NIP,COD_ASG) values ('2','0','895','11543');
Insert into DOCENCIA (GTP,GPP,NIP,COD_ASG) values ('2','2','2343','11548');
Insert into DOCENCIA (GTP,GPP,NIP,COD_ASG) values ('2','1','3359','11549');
Insert into DOCENCIA (GTP,GPP,NIP,COD_ASG) values ('2','3','14051','11551');
Insert into DOCENCIA (GTP,GPP,NIP,COD_ASG) values ('7','11','11234','11554');
Insert into DOCENCIA (GTP,GPP,NIP,COD_ASG) values ('4','0','1693','11557');
Insert into DOCENCIA (GTP,GPP,NIP,COD_ASG) values ('2','1','35886','11557');
Insert into DOCENCIA (GTP,GPP,NIP,COD_ASG) values ('2','2','596','11560');
Insert into DOCENCIA (GTP,GPP,NIP,COD_ASG) values ('2','2','2763','11560');
Insert into DOCENCIA (GTP,GPP,NIP,COD_ASG) values ('2','2','174314','11560');
Insert into DOCENCIA (GTP,GPP,NIP,COD_ASG) values ('2','4','243','11563');
Insert into DOCENCIA (GTP,GPP,NIP,COD_ASG) values ('4','2','1816','11563');
Insert into DOCENCIA (GTP,GPP,NIP,COD_ASG) values ('2','1','38691','11565');
Insert into DOCENCIA (GTP,GPP,NIP,COD_ASG) values ('2','0','284475','11567');
Insert into DOCENCIA (GTP,GPP,NIP,COD_ASG) values ('2','1','237338','11571');
Insert into DOCENCIA (GTP,GPP,NIP,COD_ASG) values ('4','2','38691','11613');
Insert into DOCENCIA (GTP,GPP,NIP,COD_ASG) values ('2','1','895','11650');
Insert into DOCENCIA (GTP,GPP,NIP,COD_ASG) values ('2','1','2817','11688');
Insert into DOCENCIA (GTP,GPP,NIP,COD_ASG) values ('2','1','48389','11713');
Insert into DOCENCIA (GTP,GPP,NIP,COD_ASG) values ('2','1','432496','11730');
Insert into DOCENCIA (GTP,GPP,NIP,COD_ASG) values ('1','2','33414','12001');
Insert into DOCENCIA (GTP,GPP,NIP,COD_ASG) values ('1','0','175065','12001');
Insert into DOCENCIA (GTP,GPP,NIP,COD_ASG) values ('1','2','20523','12932');
Insert into DOCENCIA (GTP,GPP,NIP,COD_ASG) values ('2','4','1357','13040');
Insert into DOCENCIA (GTP,GPP,NIP,COD_ASG) values ('1','0','1133','13929');
Insert into DOCENCIA (GTP,GPP,NIP,COD_ASG) values ('1','1','241506','13931');
Insert into DOCENCIA (GTP,GPP,NIP,COD_ASG) values ('1','1','282077','14180');
Insert into DOCENCIA (GTP,GPP,NIP,COD_ASG) values ('1','0','10580','32111');
Insert into DOCENCIA (GTP,GPP,NIP,COD_ASG) values ('1','1','791','33150');
Insert into DOCENCIA (GTP,GPP,NIP,COD_ASG) values ('2','1','489','33425');
Insert into DOCENCIA (GTP,GPP,NIP,COD_ASG) values ('2','1','1733','33436');
Insert into DOCENCIA (GTP,GPP,NIP,COD_ASG) values ('1','1','26586','33952');
Insert into DOCENCIA (GTP,GPP,NIP,COD_ASG) values ('1','0','44750','33953');
Insert into DOCENCIA (GTP,GPP,NIP,COD_ASG) values ('2','0','48664','33961');
Insert into DOCENCIA (GTP,GPP,NIP,COD_ASG) values ('1','1','2201','33966');
Insert into DOCENCIA (GTP,GPP,NIP,COD_ASG) values ('1','0','425226','33969');
Insert into DOCENCIA (GTP,GPP,NIP,COD_ASG) values ('2','1','10772','33974');
Insert into DOCENCIA (GTP,GPP,NIP,COD_ASG) values ('1','0','3051','33976');
Insert into DOCENCIA (GTP,GPP,NIP,COD_ASG) values ('2','1','54312','33984');
Insert into DOCENCIA (GTP,GPP,NIP,COD_ASG) values ('2','1','243','34014');
Insert into DOCENCIA (GTP,GPP,NIP,COD_ASG) values ('1','1','1873','34381');
Insert into DOCENCIA (GTP,GPP,NIP,COD_ASG) values ('1','1','2746','34560');
Insert into DOCENCIA (GTP,GPP,NIP,COD_ASG) values ('1','1','2775','34562');
Insert into DOCENCIA (GTP,GPP,NIP,COD_ASG) values ('1','1','102','34572');
Insert into DOCENCIA (GTP,GPP,NIP,COD_ASG) values ('1','3','11449','10204');
Insert into DOCENCIA (GTP,GPP,NIP,COD_ASG) values ('1','3','31657','11404');
Insert into DOCENCIA (GTP,GPP,NIP,COD_ASG) values ('2','0','10772','11541');
Insert into DOCENCIA (GTP,GPP,NIP,COD_ASG) values ('2','0','28806','11541');
Insert into DOCENCIA (GTP,GPP,NIP,COD_ASG) values ('2','5','10115','11543');
Insert into DOCENCIA (GTP,GPP,NIP,COD_ASG) values ('2','5','10613','11543');
Insert into DOCENCIA (GTP,GPP,NIP,COD_ASG) values ('2','2','11661','11548');
Insert into DOCENCIA (GTP,GPP,NIP,COD_ASG) values ('2','3','1344','11549');
Insert into DOCENCIA (GTP,GPP,NIP,COD_ASG) values ('2','1','25597','11549');
Insert into DOCENCIA (GTP,GPP,NIP,COD_ASG) values ('2','0','21560','11551');
Insert into DOCENCIA (GTP,GPP,NIP,COD_ASG) values ('4','6','2746','11562');
Insert into DOCENCIA (GTP,GPP,NIP,COD_ASG) values ('2','1','2782','11565');
Insert into DOCENCIA (GTP,GPP,NIP,COD_ASG) values ('4','2','425226','11568');
Insert into DOCENCIA (GTP,GPP,NIP,COD_ASG) values ('2','1','1873','11586');
Insert into DOCENCIA (GTP,GPP,NIP,COD_ASG) values ('2','0','2359','11588');
Insert into DOCENCIA (GTP,GPP,NIP,COD_ASG) values ('2','1','1357','11590');
Insert into DOCENCIA (GTP,GPP,NIP,COD_ASG) values ('4','0','1136','11591');
Insert into DOCENCIA (GTP,GPP,NIP,COD_ASG) values ('2','1','30787','11592');
Insert into DOCENCIA (GTP,GPP,NIP,COD_ASG) values ('2','2','1992','11612');
Insert into DOCENCIA (GTP,GPP,NIP,COD_ASG) values ('1','0','175065','12139');
Insert into DOCENCIA (GTP,GPP,NIP,COD_ASG) values ('2','2','10580','13810');
Insert into DOCENCIA (GTP,GPP,NIP,COD_ASG) values ('1','1','791','13848');
Insert into DOCENCIA (GTP,GPP,NIP,COD_ASG) values ('3','2','1357','14017');
Insert into DOCENCIA (GTP,GPP,NIP,COD_ASG) values ('2','1','879','14024');
Insert into DOCENCIA (GTP,GPP,NIP,COD_ASG) values ('2','1','10772','14096');
Insert into DOCENCIA (GTP,GPP,NIP,COD_ASG) values ('1','1','1818','31781');
Insert into DOCENCIA (GTP,GPP,NIP,COD_ASG) values ('1','0','282077','33947');
Insert into DOCENCIA (GTP,GPP,NIP,COD_ASG) values ('1','1','2543','33970');
Insert into DOCENCIA (GTP,GPP,NIP,COD_ASG) values ('2','0','425','33989');
Insert into DOCENCIA (GTP,GPP,NIP,COD_ASG) values ('2','2','380','33994');
Insert into DOCENCIA (GTP,GPP,NIP,COD_ASG) values ('1','1','23334','34515');
Insert into DOCENCIA (GTP,GPP,NIP,COD_ASG) values ('1','1','1873','34532');
Insert into DOCENCIA (GTP,GPP,NIP,COD_ASG) values ('1','1','2749','34566');
Insert into DOCENCIA (GTP,GPP,NIP,COD_ASG) values ('1','0','1133','11267');
Insert into DOCENCIA (GTP,GPP,NIP,COD_ASG) values ('1','1','11661','11371');
Insert into DOCENCIA (GTP,GPP,NIP,COD_ASG) values ('1','0','11695','11404');
Insert into DOCENCIA (GTP,GPP,NIP,COD_ASG) values ('4','3','1483','11541');
Insert into DOCENCIA (GTP,GPP,NIP,COD_ASG) values ('2','0','193103','11543');
Insert into DOCENCIA (GTP,GPP,NIP,COD_ASG) values ('2','0','1090','11548');
Insert into DOCENCIA (GTP,GPP,NIP,COD_ASG) values ('2','1','268','11551');
Insert into DOCENCIA (GTP,GPP,NIP,COD_ASG) values ('2','2','2104','11555');
Insert into DOCENCIA (GTP,GPP,NIP,COD_ASG) values ('1','0','2782','11555');
Insert into DOCENCIA (GTP,GPP,NIP,COD_ASG) values ('2','0','10394','11555');
Insert into DOCENCIA (GTP,GPP,NIP,COD_ASG) values ('2','4','2775','11563');
Insert into DOCENCIA (GTP,GPP,NIP,COD_ASG) values ('2','2','10774','11564');
Insert into DOCENCIA (GTP,GPP,NIP,COD_ASG) values ('1','2','2483','11570');
Insert into DOCENCIA (GTP,GPP,NIP,COD_ASG) values ('2','1','11695','11587');
Insert into DOCENCIA (GTP,GPP,NIP,COD_ASG) values ('2','0','1627','11593');
Insert into DOCENCIA (GTP,GPP,NIP,COD_ASG) values ('2','0','425','11594');
Insert into DOCENCIA (GTP,GPP,NIP,COD_ASG) values ('2','0','1090','11612');
Insert into DOCENCIA (GTP,GPP,NIP,COD_ASG) values ('2','1','10774','11649');
Insert into DOCENCIA (GTP,GPP,NIP,COD_ASG) values ('2','1','3359','11652');
Insert into DOCENCIA (GTP,GPP,NIP,COD_ASG) values ('2','1','10580','11653');
Insert into DOCENCIA (GTP,GPP,NIP,COD_ASG) values ('1','1','10772','11803');
Insert into DOCENCIA (GTP,GPP,NIP,COD_ASG) values ('1','1','33414','12139');
Insert into DOCENCIA (GTP,GPP,NIP,COD_ASG) values ('1','1','21560','12179');
Insert into DOCENCIA (GTP,GPP,NIP,COD_ASG) values ('1','1','2543','13024');
Insert into DOCENCIA (GTP,GPP,NIP,COD_ASG) values ('1','1','63619','13443');
Insert into DOCENCIA (GTP,GPP,NIP,COD_ASG) values ('1','1','748','13813');
Insert into DOCENCIA (GTP,GPP,NIP,COD_ASG) values ('1','1','11449','13834');
Insert into DOCENCIA (GTP,GPP,NIP,COD_ASG) values ('1','1','10670','13835');
Insert into DOCENCIA (GTP,GPP,NIP,COD_ASG) values ('2','0','54312','33422');
Insert into DOCENCIA (GTP,GPP,NIP,COD_ASG) values ('2','1','175065','33436');
Insert into DOCENCIA (GTP,GPP,NIP,COD_ASG) values ('1','1','48664','33954');
Insert into DOCENCIA (GTP,GPP,NIP,COD_ASG) values ('2','1','1258','33965');
Insert into DOCENCIA (GTP,GPP,NIP,COD_ASG) values ('1','1','1090','33971');
Insert into DOCENCIA (GTP,GPP,NIP,COD_ASG) values ('1','1','11695','33976');
Insert into DOCENCIA (GTP,GPP,NIP,COD_ASG) values ('2','1','10670','33982');
Insert into DOCENCIA (GTP,GPP,NIP,COD_ASG) values ('1','0','1627','33992');
Insert into DOCENCIA (GTP,GPP,NIP,COD_ASG) values ('1','1','10580','33992');
Insert into DOCENCIA (GTP,GPP,NIP,COD_ASG) values ('2','2','2763','33997');
Insert into DOCENCIA (GTP,GPP,NIP,COD_ASG) values ('2','2','15819','33997');
Insert into DOCENCIA (GTP,GPP,NIP,COD_ASG) values ('2','0','10774','34014');
Insert into DOCENCIA (GTP,GPP,NIP,COD_ASG) values ('1','1','2543','34381');
Insert into DOCENCIA (GTP,GPP,NIP,COD_ASG) values ('1','0','23334','34508');
Insert into DOCENCIA (GTP,GPP,NIP,COD_ASG) values ('1','1','925','34574');
Insert into DOCENCIA (GTP,GPP,NIP,COD_ASG) values ('2','2','178826','10128');
Insert into DOCENCIA (GTP,GPP,NIP,COD_ASG) values ('1','2','11661','11338');
Insert into DOCENCIA (GTP,GPP,NIP,COD_ASG) values ('2','1','28806','11543');
Insert into DOCENCIA (GTP,GPP,NIP,COD_ASG) values ('2','2','1992','11548');
Insert into DOCENCIA (GTP,GPP,NIP,COD_ASG) values ('2','4','2806','11548');
Insert into DOCENCIA (GTP,GPP,NIP,COD_ASG) values ('4','4','2483','11556');
Insert into DOCENCIA (GTP,GPP,NIP,COD_ASG) values ('4','2','42186','11556');
Insert into DOCENCIA (GTP,GPP,NIP,COD_ASG) values ('2','0','425','11560');
Insert into DOCENCIA (GTP,GPP,NIP,COD_ASG) values ('2','1','3167','11560');
Insert into DOCENCIA (GTP,GPP,NIP,COD_ASG) values ('2','2','174314','11589');
Insert into DOCENCIA (GTP,GPP,NIP,COD_ASG) values ('2','2','380','11591');
Insert into DOCENCIA (GTP,GPP,NIP,COD_ASG) values ('4','0','1334','11593');
Insert into DOCENCIA (GTP,GPP,NIP,COD_ASG) values ('2','0','383','11594');
Insert into DOCENCIA (GTP,GPP,NIP,COD_ASG) values ('2','1','2806','11596');
Insert into DOCENCIA (GTP,GPP,NIP,COD_ASG) values ('4','4','11830','11598');
Insert into DOCENCIA (GTP,GPP,NIP,COD_ASG) values ('2','1','175252','11614');
Insert into DOCENCIA (GTP,GPP,NIP,COD_ASG) values ('2','1','256043','11716');
Insert into DOCENCIA (GTP,GPP,NIP,COD_ASG) values ('2','1','9979','11729');
Insert into DOCENCIA (GTP,GPP,NIP,COD_ASG) values ('1','0','14051','12932');
Insert into DOCENCIA (GTP,GPP,NIP,COD_ASG) values ('1','1','31657','13437');
Insert into DOCENCIA (GTP,GPP,NIP,COD_ASG) values ('2','1','1873','14024');
Insert into DOCENCIA (GTP,GPP,NIP,COD_ASG) values ('1','1','10772','14262');
Insert into DOCENCIA (GTP,GPP,NIP,COD_ASG) values ('1','1','791','32111');
Insert into DOCENCIA (GTP,GPP,NIP,COD_ASG) values ('2','1','23002','33420');
Insert into DOCENCIA (GTP,GPP,NIP,COD_ASG) values ('2','1','30787','33425');
Insert into DOCENCIA (GTP,GPP,NIP,COD_ASG) values ('2','1','8666','33432');
Insert into DOCENCIA (GTP,GPP,NIP,COD_ASG) values ('1','0','46607','33435');
Insert into DOCENCIA (GTP,GPP,NIP,COD_ASG) values ('2','0','700','33963');
Insert into DOCENCIA (GTP,GPP,NIP,COD_ASG) values ('2','0','1733','33981');
Insert into DOCENCIA (GTP,GPP,NIP,COD_ASG) values ('2','1','8666','33983');
Insert into DOCENCIA (GTP,GPP,NIP,COD_ASG) values ('2','1','489','33996');
Insert into DOCENCIA (GTP,GPP,NIP,COD_ASG) values ('1','1','10786','34563');
Insert into DOCENCIA (GTP,GPP,NIP,COD_ASG) values ('1','1','174395','34576');
Insert into DOCENCIA (GTP,GPP,NIP,COD_ASG) values ('0','2','36359','10127');
Insert into DOCENCIA (GTP,GPP,NIP,COD_ASG) values ('0','2','2347','33995');
Insert into DOCENCIA (GTP,GPP,NIP,COD_ASG) values ('0','1','9594','11587');
Insert into DOCENCIA (GTP,GPP,NIP,COD_ASG) values ('0','1','30787','33996');
Insert into DOCENCIA (GTP,GPP,NIP,COD_ASG) values ('0','1','294755','13836');
Insert into DOCENCIA (GTP,GPP,NIP,COD_ASG) values ('0','1','71520','13840');
Insert into DOCENCIA (GTP,GPP,NIP,COD_ASG) values ('0','2','301194','13810');
Insert into DOCENCIA (GTP,GPP,NIP,COD_ASG) values ('0','2','3860','10269');
Insert into DOCENCIA (GTP,GPP,NIP,COD_ASG) values ('0','1','38382','34508');
Insert into DOCENCIA (GTP,GPP,NIP,COD_ASG) values ('0','1','3231','12267');
Insert into DOCENCIA (GTP,GPP,NIP,COD_ASG) values ('0','2','28762','13800');
Insert into DOCENCIA (GTP,GPP,NIP,COD_ASG) values ('0','1','11693','13952');
Insert into DOCENCIA (GTP,GPP,NIP,COD_ASG) values ('0','2','3947','14017');
Insert into DOCENCIA (GTP,GPP,NIP,COD_ASG) values ('0','2','11037','11593');
Insert into DOCENCIA (GTP,GPP,NIP,COD_ASG) values ('0','2','1004','33989');
Insert into DOCENCIA (GTP,GPP,NIP,COD_ASG) values ('0','1','174314','12267');
Insert into DOCENCIA (GTP,GPP,NIP,COD_ASG) values ('0','1','174115','14096');
Insert into DOCENCIA (GTP,GPP,NIP,COD_ASG) values ('0','2','10650','11548');
Insert into DOCENCIA (GTP,GPP,NIP,COD_ASG) values ('0','3','20523','11404');
Insert into DOCENCIA (GTP,GPP,NIP,COD_ASG) values ('0','1','301194','13824');